comment,rating
"[MORICO LÃŠ Lá»¢I] 
Má»i ngÆ°á»i Ä‘Ã£ thá»­ qua dessert theo mÃ¹a má»›i nháº¥t â€œSpring Yokosoâ€ cá»§a Morico chÆ°a tháº¿ ^^ MÃ¬nh chá»n Sakura Ame Plated Dessert vÃ¬ tháº­t sá»± áº¥n tÆ°á»£ng bá»Ÿi quÃ¡n láº¥y cáº£m há»©ng tá»« nguyÃªn mÃ¹a hoa sakura Ã­ ^^ trong Ä‘Ã¢y nÃ o lÃ  cÃ³ genmaicha crumble, genmaicha mousse, jelly sakura, panna cotta sakura, dÃ¢u tÃ¢y vÃ  cáº£ bÃ¡nh yogurt Ä‘áº·c biá»‡t. Panna cotta thiá»‡t sá»± ráº¥t ngon luÃ´n mng Æ¡i, má»‹n mÃ ng, bÃ³ng lÆ°á»¡ng láº¡i cÃ²n bÃ©o ngáº­y. Sakura Jelly cÃ³ láº½ mÃ¬nh hÃ´ng thÃ­ch nháº¥t tuy trÃ´ng ráº¥t Ä‘áº¹p, bÃªn trong cÃ²n cÃ³ cáº£ hoa nhÆ°ng Äƒn thÃ¬ nháº¡t ğŸ˜‚ mÃ¬nh nghÄ© lÃ  nÃªn dÃ¹ng chung vá»›i cÃ¡c thÃ nh pháº§n khÃ¡c nhÆ° lÃ  crumble hoáº·c lÃ  bÃ¡nh yogurt thÃ¬ sáº½ okii hÆ¡n ^^
Check my instagram: minhhien25052001 for new post ^^",8
"ÄÃ¢y lÃ  mÃ³n trÃ¡ng miá»‡ng menu Special Yokoso, mÃ  mÃ¹a nÃ y lÃ  lÃ¢u rá»“i giá» mÃ¬nh má»›i Ä‘Äƒng hÃ¬nh. ÄÃ¢y lÃ  1 set dessert bento khoáº£ng 198k
Vá»«a cÃ³ cáº£ kem tÆ°Æ¡i nÃ¨ vá»›i kem kem gelato. MÃ¬nh tháº¥y Æ°ng nháº¥t lÃ  mÃ³n Monaka gelato - BÃ¡nh káº¹p kem cÃ³ 3 vá»‹ matcha, houjicha, rasberry. TrÃ²n set nÃ y cÃ²n cÃ³ Pannacotta ná»¯a ngon lÃ¢m",8
"Morico chÆ°a bao giá» lÃ m mÃ¬nh tháº¥t vá»ng vá» cháº¥t lÆ°á»£ng phá»¥c vá»¥ vÃ  thá»©c Äƒn. Muá»‘n Äƒn dessert tháº­m chÃ­ mÃ³n Äƒn máº·n Nháº­t cá»© Ä‘áº¿n Ä‘Ã¢y lÃ  chuáº©n rá»“i
Láº§n nÃ y mÃ¬nh ngá»“i trÃªn láº§u ráº¥t yÃªn tÄ©nh , chá»¥p áº£nh thÃ¬ hÆ¡i tá»‘i má»™t xÃ­u.

Tá»¥i mÃ¬nh gá»i 1 Iced Hojicha latte, 1 Hokkaido Milk Crepe vÃ  1 parfait 12 viÃªn. Parfait Ä‘áº¯t nhÆ°ng xáº¯t ra miáº¿ng vÃ¬ gá»“m Ä‘áº¿n 12 viÃªn kem bÃ©, 2 Ä‘á»©a Äƒn muá»‘n nÃ¡ thá»Ÿ, 3 ngÆ°á»i thÃ¬ vá»«a. Kem Ä‘Æ°á»£c trang trÃ­ hÃ¬nh con heo dá»… thÆ°Æ¡ng. CÃ¡c vá»‹ kem Ä‘a sá»‘ Ä‘á»u ngon, k quÃ¡ ngá»t. Tá»¥i mÃ¬nh cÃ²n dc bá»‘c thÄƒm trÃºng má»™t cÃ¢y bÃºt bi hÃ¬nh bÃ© heo ná»¯a. NÄƒm con heo nÃªn all about heo nÃ ğŸ˜‚ Iced Houjicha váº«n tuyá»‡t vÃ  dá»… uá»‘ng hÆ¡n má»i khi. Hokkaido milk crepe k áº¥n tÆ°á»£ng láº¯m. 

Giá»¯ xe miá»…n phÃ­.",8
"*Foody hÃ¢n háº¡nh tÃ i trá»£ chÆ°Æ¡ng trÃ¬nh nÃ y*
Bao thÃ¡ng ngÃ y chÄƒm chá»‰ review Ä‘Ã£ Ä‘á»•i láº¥y 2 voucher tá»•ng trá»‹ giÃ¡ 200k Ä‘i Äƒn Morico (láº§n trÆ°á»›c láº¥y Ä‘c 1 voucher Ã , biáº¿t váº­y gom láº¡i 3 cÃ¡i Ä‘i cho Ä‘Ã£). NÃ³i váº­y chá»© váº«n review trung thá»±c tháº³ng tháº¯n nha

Vá»‹ trÃ­: dá»… tÃ¬m nha, máº·t tiá»n hÆ¡i bÃ© xÃ­u mÃ  cÃ¡i báº£ng Morico cao dá»… tháº¥y láº¯m, tá»›i thÃ¬ chÃº giá»¯ xe sáº½ láº¥y chÃ¬a khÃ³a mang xe Ä‘i Ä‘á»ƒ giÃ¹m

KhÃ´ng gian: nháº¹ nhÃ ng, rá»™ng vÃ  thoÃ¡ng, cÃ³ háº³n 2 táº§ng luÃ´n, táº§ng trÃªn ngay chá»— cháº¿ biáº¿n cÃ³ bÃ n dÃ u nhÆ° bar áº¥y, k biáº¿t cÃ³ nhu cáº§u thÃ¬ cÃ³ Ä‘c ngá»“i Ä‘Ã³ Äƒn luÃ´n k. 

NhÃ¢n viÃªn: Ä‘iá»ƒm cá»™ng to Ä‘Ã¹ng vÃ  lÃ m mÃ¬nh thá»±c sá»± sung sÆ°á»›ng. NhÃ¢n viÃªn k chá»‰ nháº¹ nhÃ ng thÃ¢n thiá»‡n nhiá»‡t tÃ¬nh (má»‰m cÆ°á»i hoÃ i Ã ) mÃ  cÃ²n Ä‘á»ƒ Ã½ chÃ¢m nÆ°á»›c liÃªn tá»¥c cho mÃ¬nh, Äƒn xong sáº½ láº¡i xin dá»n cho mÃ¬nh luÃ´n ná»¯a. Cáº£m giÃ¡c nhÆ° mÃ³n Äƒn ngon hÆ¡n nhá» phá»¥c vá»¥ toáº¹t vá»i áº¥y

MÃ³n Äƒn: 
Salad cÃ¡ sá»‘ng, báº¡ch tuá»™c vÃ  Ä‘á»§ loáº¡i rau cÃ¹ng vá»›i sá»‘t mÃ¨ lÃ  138k. DÄ©a salad to láº¯m nha, 2 ngÆ°á»i Äƒn cÅ©ng Ä‘Æ°á»£c ná»¯a. Tá»•ng thá»ƒ ráº¥t vá»«a miá»‡ng. Sá»‘t mÃ¨ bÃ©o nháº¹ hÆ¡i chua xÃ­u. Rau Ä‘á»§ loáº¡i cáº¯t vá»«a Äƒn, Ä‘Æ°á»£c trá»™n sáºµn rá»“i nÃªn tháº¥m sá»‘t hÆ¡n Ä‘áº­m vá»‹ hÆ¡n háº³n. CÃ¡ nhiá»u, má»m nhÆ°ng k Ä‘Æ°á»£c mÃ¡t láº¡nh nhÆ° mÃ¬nh tÆ°á»Ÿng tÆ°á»£ng
TrÃ¡ng miá»‡ng 78k, cÃ³ tháº¡ch ( warabi mochi, k mÃ¹i k vá»‹) lÄƒn vá»›i bá»™t Ä‘áº­u nÃ nh rang, kem mÃ¨ Ä‘en, sá»‘t Ä‘áº­u Ä‘á» vÃ  sá»‘t máº­t
Kem mÃ¨ Ä‘en ngá»t vá»«a, mÃ¹i mÃ¨ rÃµ rÃ ng luÃ´n, bÃ¹i bÃ¹i khÃ©t khÃ©t (mÃ¬nh mÃ´ táº£ hÆ¡i kÃ©m). Äáº­u Ä‘á» thÃ¬ ngá»t gáº¯t, Äƒn nhÆ° chÃ¨ Ä‘áº­u Ä‘á» áº¥y, mÃ  Ä‘áº­u Ä‘á» náº¥u nhá»« cÃ²n nguyÃªn háº¡t. Sá»‘t máº­t cÅ©ng ngá»t mÃ  thÆ¡m thÆ¡m dá»… Äƒn hÆ¡n. Kem mÃ¡t mÃ¡t ngá»t nháº¹ Äƒn vá»›i tháº¡ch má»m mÆ°á»›t láº¡i hÆ¡i bÃ¹i cá»§a Ä‘áº­u nÃ nh rang vÃ  ngá»t thÆ¡m cá»§a sá»‘t máº­t káº¿t há»£p vÃ o. Yayyy. Ã€ bÃ¡nh gáº¡o nay Äƒn má»m máº¡i dáº»o hÆ¡n láº§n bá»¯a mÃ¬nh Äƒn bÃªn Máº¡c ÄÄ©nh Chi",8.4
"Kakigori vÃ  Parfait 2 mÃ³n trÃ¡ng miá»‡ng ngon nháº¥t mÃ¬nh tá»«ng Äƒn. Cáº£ 2 mÃ³n Ä‘á»u cÃ³ topping Ä‘a dáº¡ng nhÆ° whipping cream, gelato, soft cream, shiratama, panna cotta, kten, Ä‘áº­u Ä‘á», warabi. Ä‚n 2 mÃ³n mÃ  cá»© tÆ°á»Ÿng nhÆ° Äƒn háº¿t nguyÃªn cÃ¡i menu váº­y Ä‘Ã³. Do lÃ  mÃ¬nh order toÃ n matcha nÃªn cÃ³ pháº§n hÆ¡i ngáº¥y xÃ­u.
Tá»•ng thiá»‡t háº¡i 548k, nhá» voucher 100k Ä‘á»•i trÃªn foody nÃªn chá»‰ cÃ²n 448k.",10
"QuÃ¡n cÃ³ khÃ´ng gian rá»™ng, trang trÃ­ Ä‘Æ¡n giáº£n, áº¥m cÃºng, thÃ­ch nháº¥t nhá»¯ng mÃ³n trÃ¡ng miá»‡ng hoáº·c nÆ°á»›c uá»‘ng trang trÃ­ ráº¥t cÃ´ng phu cáº§u ká»³, mÃ¬nh gá»i ly matcha parfait Äƒn ngon, cÃ³ cáº£m giÃ¡c khÃ¡m phÃ¡ tá»«ng táº§ng tháº­t thÃº vá»‹, vá»«a cÃ³ kem tÆ°Æ¡i, kem viÃªn, panna cotta, bÃ¡nh náº¿p, gáº¡o rang, tháº¡ch... máº·c dÃ¹ Äƒn xong ly nÃ y bao máº­p nhÆ°ng váº«n cháº¥p nháº­n :) Ä‘Ã¡ bÃ o trÃ  xanh cÃ³ Ä‘áº­u Ä‘á», kem tÆ°Æ¡i vÃ  bÃ¡nh náº¿p phá»§ gáº¡o rang cÅ©ng ngon. MÃ³n máº·n mÃ¬nh gá»i cÆ¡m chiÃªn cÃ¡ há»“i nÃªm náº¿m vá»«a Äƒn, nhÃ¢n viÃªn cÅ©ng lá»‹ch sá»±, mÃ³n lÃªn khÃ¡ nhanh.",9
"Morico váº«n luÃ´n lÃ  quÃ¡n ruá»™t cá»§a mÃ¬nh nhiá»u nÄƒm qua, cháº¥t lÆ°á»£ng á»•n Ä‘á»‹nh, nhÃ¢n viÃªn lá»‹ch sá»±, khÃ´ng gian thoÃ¡ng Ä‘Ã£ng, nÃ³i chung ngoáº¡i trá»« giÃ¡ hÆ¡i Ä‘áº¯t thÃ¬ mÃ¬nh hÃ i lÃ²ng vá»›i má»i thá»© âœŒğŸ»Nay Äƒn láº¡i bento gÃ  teriyaki, váº«n ngon, má»—i tá»™i gÃ  hÆ¡i Ã­t ğŸ˜‚ MÃ¬nh thÃ¬ khÃ´ng thÃ­ch cÃ¡i Ä‘Ä©a xÃºc xÃ­ch cÃ  chua bÃ´ng cáº£i xanh kia láº¯m, tháº¥y Ä‘á»ƒ trá»©ng cuá»™n hay khoai tÃ¢y nghiá»n thÃ¬ ngon hÆ¡n ğŸ¤”",8.2
Cáº­p nháº­t menu tiáº¿p,8.6
MÃ¬nh xin cáº­p nháº­t thÃªm menu cá»§a quÃ¡n,8.6
"MÃ¬nh má»›i Ä‘áº¿n Äƒn á»Ÿ quÃ¡n, tháº¥y menu cÃ³ thay Ä‘á»•i nÃªn xin cáº­p nháº­t thÃªm, nhá»¯ng pháº§n cÆ¡m bento hoáº·c combo cÅ© Ä‘Ã£ Ä‘Æ°á»£c thay Ä‘á»•i, tá»« mÃ³n Äƒn Ä‘áº¿n giÃ¡ cáº£ hiá»‡n táº¡i cÅ©ng khÃ¡c so vá»›i menu cÅ©, nhá»¯ng set Äƒn gá»“m trá»©ng háº¥p, cÆ¡m, bÃ¡nh xáº¿p, canh miso nhÆ° menu cÅ© Ä‘Ã£ Ä‘Æ°á»£c thay tháº¿ báº±ng nhá»¯ng dáº¡ng bento khÃ¡c, theo mÃ¬nh tháº¥y giÃ¡ menu má»›i cÃ³ pháº§n nhá»‰nh cao hÆ¡n so vá»›i trÆ°á»›c Ä‘Ã¢y, cÃ³ 2 quyá»ƒn riÃªng cho pháº§n suáº¥t Äƒn vÃ  nÆ°á»›c uá»‘ng. Menu má»›i Ä‘áº¹p, hÃ¬nh áº£nh báº¯t máº¯t, nhÃ¬n hÃ¬nh thÃ´i Ä‘Ã£ tháº¥y ngon.",8.6
"LÃ¢u rá»“i má»›i ghÃ© láº¡i chi nhÃ¡nh Quáº­n 1, mÃ¬nh Ä‘i hÃ´m Thá»© 7, quÃ¡n Ä‘Ã´ng, phÃ­a táº§ng dÆ°á»›i Ä‘Ã£ háº¿t bÃ n nÃªn pháº£i lÃªn trÃªn láº§u, phÃ­a trÃªn Ä‘Ã¢y dÃ¹ Ã­t khÃ¡ch nhÆ°ng láº¡i nÃ³ng, cÃ³ thÃªm quáº§y lÃ m sushi ngay gáº§n bÃ n mÃ¬nh ngá»“i. Äiá»u lÃ m mÃ¬nh khÃ´ng hÃ i lÃ²ng Ä‘Ã³ lÃ  mÃ¹i tanh, vá»«a bÆ°á»›c lÃªn láº§u lÃ  Ä‘Ã£ tháº¥y mÃ¹i tanh bao phá»§ rá»“i, do chá»‰ cÃ³ nhu cáº§u dÃ¹ng mÃ³n ngá»t nhÆ°ng khÃ´ng khÃ­ thiá»‡t lÃ m máº¥t cáº£m giÃ¡c ngon miá»‡n ghÃª luÃ´n.",7
"Morico lÃ  má»™t thÆ°Æ¡ng hiá»‡u Ä‘Æ°á»£c gá»i lÃ  quen thuá»™c vá»›i team foody áº¥y ğŸ˜‚ VÃ  mÃ¹a nÃ o cÅ©ng ngÃ³ng chá» mÃ³n má»›i ra máº¯t vÃ¬ Ä‘á»™ decor xinh xá»‹n xÃ² cá»§a morico ğŸ˜ğŸ˜
VÃ  mÃ¹a nÃ y thÃ¬ morico ra máº¯t dÃ²ng sakura & genmaicha vÃ  nhÃ¬n hÃ¬nh lÃ  muá»‘n thá»­ liá»n )))))
---------------------------------------------------------
MÃ¬nh gá»i 3 mÃ³n gá»“m 1 mÃ³n cÅ© kiá»ƒu trÃ  trÃ¡i cÃ¢y, dÃ¢u rá»«ng, 1 Genmaicha sakura latte vÃ  1 Sakura Ame Plated Dessert. MÃ¬nh nháº­n xÃ©t 2 mÃ³n mÃ¹a má»›i thÃ´i nhÃ© â¤ï¸â¤ï¸
ğŸµğŸµ Genmaicha sakura latte (88k/98k-M/L): Kiá»ƒu Ä‘áº­m mÃ¹i gáº¡o rang vÃ  mÃ¬nh nghe cÃ³ vá»‹ trÃ  xanh ná»¯a áº¥y, khÃ¡ thÆ¡m vÃ  chuáº©n mÃ¹i, mÃ¬nh cÃ³ check in thÃ¬ Ä‘Æ°á»£c thÃªm 1 pháº§n trÃ¢n chÃ¢u sakura 20k uá»‘ng cÃ¹ng cÅ©ng há»£p ná»¯a áº¥y ^^ NhÆ°ng vá»‹ nÃ y hÆ¡i kÃ©n ngÆ°á»i tÃ­ ğŸ˜‚
ğŸ“ğŸ“Ame Plated Desert (128k): MÃ³n nÃ y siÃªu Ä‘áº¹p luÃ´n huhu kiá»ƒu concept hoa anh Ä‘Ã o ná»Ÿ nÃªn trang trÃ­ báº¯t máº¯t, nhÆ°ng mÃ  thÃ­ch nháº¥t cháº¯c cÃ¡i panacotta sakura cÃ²n láº¡i thÃ¬ Äƒn cÅ©ng Ä‘Æ°á»£c â˜ºï¸â˜ºï¸
NhÃ¢n viÃªn cute, dá»‹ch vá»¥ tá»‘t quÃ¡ chá»«ng. NÃ³i chung cÅ©ng khÃ¡ ok so vá»›i táº§m giÃ¡ áº¡ :3",8.2
"Fan cá»§a matcha nÃªn ráº¥t muá»‘n thá»­ má»™t láº§n matcha á»Ÿ Ä‘Ã¢y
Matcha shiratama: cÃ³ viÃªn kem matcha & shiratama, kem ngon, viÃªn náº¿p dáº»o cÅ©ng ngon, matcha thÃ¬ Ä‘áº¯ng hÆ¡n mÃ¬nh nghÄ© ráº¥t nhiá»u, nÃªn pháº£i xin thÃªm sá»¯a, nhÃ¢n viÃªn cÅ©ng ráº¥t nhiá»‡t tÃ¬nh Ä‘em cho mÃ¬nh
Anmitsu monaka set: nhÃ¬n hÃ¬nh tháº¥y thÃ­ch thÃ­ch nÃªn gá»i thá»­, riÃªng mÃ¬nh thÃ¬ chá»‰ thÃ­ch viÃªn kem matcha vÃ  trÃ¡i cÃ¢y, kanten thÃ¬ ko cÃ³ gÃ¬ Ä‘áº·c biá»‡t láº¯m
NÃ³i chung lÃ  ok láº¯m, pháº§n 2 ng cá»§a tá»¥i mÃ¬nh hÆ¡i Ä‘áº¯t xÃ­u nhÆ°ng lÃ¢u lÃ¢u láº§n thÃ¬ Ä‘c",7.4
"fan cá»§a matcha nÃªn ráº¥t muá»‘n thá»­ má»™t láº§n matcha á»Ÿ Ä‘Ã¢y Matcha shiratama: cÃ³ viÃªn kem matcha & shiratama, kem ngon, viÃªn náº¿p dáº»o cÅ©ng ngon, matcha thÃ¬ Ä‘áº¯ng hÆ¡n mÃ¬nh nghÄ© ráº¥t nhiá»u, nÃªn pháº£i xin thÃªm sá»¯a, nhÃ¢n viÃªn cÅ©ng ráº¥t nhiá»‡t tÃ¬nh Ä‘em cho mÃ¬nh Anmitsu monaka set: nhÃ¬n hÃ¬nh tháº¥y thÃ­ch thÃ­ch nÃªn gá»i thá»­, riÃªng mÃ¬nh thÃ¬ chá»‰ thÃ­ch viÃªn kem matcha vÃ  trÃ¡i cÃ¢y, kanten thÃ¬ ko cÃ³ gÃ¬ Ä‘áº·c biá»‡t láº¯m NÃ³i chung lÃ  ok láº¯m, pháº§n 2 ng cá»§a tá»¥i mÃ¬nh hÆ¡i Ä‘áº¯t xÃ­u nhÆ°ng lÃ¢u lÃ¢u láº§n thÃ¬ Ä‘c",7.6
Äá»“ Äƒn á»Ÿ Ä‘Ã¢y Äƒn ráº¥t vá»«a miá»‡ng vÃ  ngon .,9
"MÃ¬nh thÆ°á»ng ghÃ© chi nhÃ¡nh nÃ y nháº¥t. Hnay mÃ¹ng 5 mÃ¬nh á»· y ko book bÃ n trc. LÃºc Ä‘áº¿n thÃ¬ full bÃ n nÃªn nv báº£o mÃ¬nh ngá»“i Ä‘á»£i 1 tÃ­. Táº§m 10â€™ lÃ  cÃ³ bÃ n rÃ²i. 
LÃºc order thÃ¬ nv cÅ©ng cÃ³ thÃ´ng bÃ¡o nháº¹ lÃ  vÃ¬ Táº¿t Ä‘Ã´ng khÃ¡ch nÃªn lÃªn mÃ³n sáº½ cháº­m 1 tÃ­. MÃ¬nh order Houjicha Float, Matcha Warabi Mochi vs Soft Cream Matcha Jelly Zenzai. 
LÃ¢u rÃ²i má»›i Äƒn láº¡i mochi tháº¥y váº«n ngon nhÆ° xÆ°a. Houjicha thÃ¬ khá»i bÃ n, váº«n best of the best. Láº§n nÃ y thay vÃ¬ gá»i parfait nhÆ° má»i láº§n thÃ¬ mÃ¬nh thá»­ mÃ³n Matcha Jelly Zenzai. Ngon láº¯m. NhÆ°ng vÃ¬ cÃ³ Ä‘áº­u Ä‘á» nÃªn hÆ¡i ngá»t. Náº¿u Ã­t ngá»t tÃ­ thÃ¬ sáº½ ngon hÆ¡n. 
Táº¿t nhÃ  hÃ ng Ä‘Ã´ng nÃªn chá» mÃ³n hÆ¡i lÃ¢u. Má»—i mÃ³n mÃ¬nh pháº£i Ä‘á»£i táº§m 15â€™. RiÃªng mÃ³n zenzai lÃºc bÆ°ng ra cho mÃ¬nh thÃ¬ cá»¥c kem tÆ°Æ¡i Ä‘Ã£ cháº£y tan nÃ¡t nÃªn mÃ¬nh cÃ³ báº£o nv Ä‘á»•i láº¡i pháº§n khÃ¡c, chá»© kem cháº£y v mÃ¬nh ko Äƒn Ä‘c. Nv váº«n mang vÃ o Ä‘á»•i láº¡i pháº§n khÃ¡c cho mÃ¬nh. Äiá»ƒm cá»™ng cho thÃ¡i Ä‘á»™ pv. LÃ¡t sau bÆ°ng ra pháº§n má»›i thÃ¬ cá»¥c kem bá»‹ Ä‘á»•. Báº¡n nv mang vÃ o chá»‰nh láº¡i rÃ²i mang ra váº«n bá»‹ Ä‘á»•:))))))) Tháº¥y tá»™i qÃ¡ nÃªn mÃ¬nh nÃ³i thÃ´i ko cáº§n chá»‰nh ná»¯a, miá»…n cá»¥c kem ko bá»‹ cháº£y ra lÃ  Ä‘c dÃ²i. Láº¡i cá»™ng Ä‘iá»ƒm cho thÃ¡i Ä‘á»™ nhiá»‡t tÃ¬nh. 
NhÃ  hÃ ng cÃ³ discount 10% cho chá»§ tháº» citibank. LÃºc tÃ­nh tiá»n nv sáº½ há»i khÃ¡ch chá»© ko há» giáº¥u giáº¿m vÄ‘ nÃ y. Láº¡i cá»™ng Ä‘iá»ƒm. 
NÃ³i chung mÃ¬nh sáº½ váº«n thÆ°á»ng xuyÃªn ghÃ© Morico má»—i khi thÃ¨m matcha hay parfait. CÃ³ nhÃ¬u ngÆ°á»i báº£o sau khi Ä‘á»•i tÃªn thÃ nh Morico thÃ¬ cháº¥t lÆ°á»£ng nhÃ  hÃ ng ko cÃ²n nhÆ° trc. NhÆ°ng mÃ¬nh thÃ¬ váº«n tháº¥y ko cÃ³ thay Ä‘á»•i gÃ¬. Cháº¥t lÆ°á»£ng vÃ  phá»¥c vá»¥ váº«n tá»‘t nhÆ° xÆ°a h.",8.8
"BÃ¡nh ngon, gÃ­a vá»«a. 
#springyokoso #moricocafe #tamdungvatanhuong",10
"HÃ´m vá»«a rá»“i nhÃ¢n dá»‹p cÃ³ má»™t sá»‘ voucher cá»§a morico nÃªn lÃ  mÃ¬nh vá»›i nhá» em quay láº¡i Ä‘Ã¢y Äƒn â˜ºï¸
MÃ¬nh thÃ¬ thÃ­ch morico Ä‘áº·c biá»‡t lÃ  máº¥y mÃ³n matcha áº¥y nhÆ°ng mÃ  combo táº¿t nÄƒm nay thÃ¬ láº¡i nháº¥n vÃ o chá»§ Ä‘áº¡o mÃ u Ä‘á» berry nÃªn lÃ  tá»¥i mÃ¬nh chá»‰ gá»i 1 pháº§n nÆ°á»›c trong combo táº¿t lÃ  lucky spring thÃ´i cÃ²n láº¡i lÃ  gá»i thÃªm Ä‘á»“ máº·n vÃ  mÃ³n matcha riÃªng. Tá»¥i mÃ¬nh gá»i 1 combo lunch 5, 1 trÃ  atiso sÆ°Æ¡ng sÃ¡o, 1 bÃ¡nh xoÃ i vÃ  panacotta matcha ( cÃ¡c mÃ³n Ä‘á»u pháº£i gá»i set lunch thÃ¬ má»›i Ä‘Æ°á»£c add kÃ¨m nha)
Äáº§u tiÃªn thÃ¬ mÃ¬nh nháº­n xÃ©t trÆ°á»›c vá» set lunch nhÃ©: nÃ³i chung má»—i loáº¡i má»™t Ã­t vÃ  mang Ä‘áº­m cháº¥t Nháº­t. CÃ³ thá»‹t heo chiÃªn, cÃ¡ saba chiÃªn, sÃºp miso, xÃ  lÃ¡ch vÃ  gá»«ng ngÃ¢m Äƒn kÃ¨m. Äá»“ Äƒn theo kiá»ƒu Nháº­t nÃªn khÃ´ng nÃªm náº¿m nhiá»u vÃ¬ váº­y nÃªn Äƒn kÃ¨m nÆ°á»›c tÆ°Æ¡ng sáº½ khÃ¡ ok. Äá»“ Äƒn tÆ°Æ¡i ngon vÃ  khÃ¡ vá»«a miá»‡ng. BÃ¡nh xoÃ i thÃ¬ thÆ¡m mÃ¹i xoÃ i tÆ°Æ¡i nhÆ°ng cá»‘t bÃ¡nh hÆ¡i khÃ´, nÆ°á»›c atiso thÃ¬ hÆ¡i nháº¡t vÃ  khÃ´ng thÆ¡m láº¯m, panacotta ok nÃ¨ vÃ¬ cÃ³ vá»‹ bÃ©o nháº¹ cá»§a whipping cream vÃ  Ä‘áº¯ng Ä‘áº¯ng matcha Äƒn khÃ´ng ngÃ¡n ğŸ‘ğŸ‘
CÃ²n vá» ly lucky spring thÃ¬ mÃ¬nh tháº¥y cÅ©ng bÃ¬nh thÆ°á»ng, vá»‹ thÆ¡m mÃ¹i dÃ¢u rá»«ng nhÆ°ng hÆ¡i nháº¡t tÃ­. Tá»•ng quan uá»‘ng cÅ©ng Ä‘Æ°á»£c nhÆ°ng khÃ´ng Ä‘á»ƒ láº¡i áº¥n tÆ°á»£ng cho mÃ¬nh nhiá»u nhÆ° nhá»¯ng mÃ¹a trÆ°á»›c :(
NhÃ¢n viÃªn thÃ¬ nhiá»‡t tÃ¬nh láº¯m, mÃ¬nh Ä‘i trÆ°a nÃªn cÅ©ng yÃªn áº¯ng, thoÃ¡ng
Cháº¯c pháº£i chá» Äƒn thÃªm má»™t sá»‘ mÃ³n mÃ¹a nÃ y thÃ¬ má»›i Ä‘Ã¡nh giÃ¡ Ä‘Æ°á»£c háº¿t áº¥y ğŸ˜‚ğŸ˜‚",7.2
"Morico váº«n lÃ  má»™t trong nhá»¯ng quÃ¡n mÃ  mÃ¬nh ghÃ© thÆ°á»ng xuyÃªn háº±ng nÄƒm, cháº¥t lÆ°á»£ng á»•n Ä‘á»‹nh vÃ  nhÃ¢n viÃªn lá»‹ch sá»± chu Ä‘Ã¡o. MÃ³n nÆ°á»›c mÃ¬nh thÃ­ch nháº¥t váº«n lÃ  matcha Ä‘Ã¡ xay vá»›i kem mÃ¨ Ä‘en vÃ  shiratama, nay thá»­ Äƒn sushi tháº¥y cÅ©ng ok nhÆ°ng hÆ¡i nguá»™i, cÆ¡m cÃ  ri cÅ©ng ngon nhÆ°ng vá»›i giÃ¡ 148k thÃ¬ hÆ¡i Ã­t, mÃ¬nh Äƒn cÆ¡m cÃ  ri bÃªn sushi Tei nhá»› Ä‘Ã¢u cÃ³ 120k mÃ  bÆ°ng cÃ¡i tÃ´ ra ngáº­p máº·t ğŸ¤ª Láº½ ra Ä‘á»‹nh tá»›i thá»­ menu táº¿t mÃ  máº¥y mÃ³n Ä‘Ã³ nhÃ¬n khÃ´ng háº¥p dáº«n vá»›i mÃ¬nh, mÃ¬nh váº«n thÃ­ch yokoso táº­p trung vÃ o matcha hÆ¡n.",7.6
"Menu má»›i cho nÄƒm má»›i, cÃ³ ráº¥t nhiá»u mÃ³n háº¥p dáº«n , hÃ´m nay Ä‘i má»™t mÃ¬nh Äƒn trÆ°a nÃªn chá»‰ má»›i thá»­ dc 1 mÃ³n thÃ´i, ly nÃ y lÃ  lucky sping lÃ  trÃ  mÆ¡ lÃ  cÃ¡c loáº¡i trÃ¡i cÃ¢y nhÆ° phÃºc bá»“n tá»­ vÃ  trÃ¡i váº£i, vá»‹ nháº¹ nhÃ ng thÆ¡m thoang thoáº£ng mÃ¹i trÃ¡i cÃ¢y vÃ  coa chÃºt chua chua nháº¹ ráº¥t kÃ­ch thÃ­ch vá»‹ giÃ¡c. Äáº·c biá»‡t cÃ²n cÃ³ chÆ°Æ¡ng trÃ¬nh check in nháº­n quÃ  ná»¯a nha, quÃ  cá»±c cute luÃ´n hihi",9.4
"Cá»© má»—i láº§n bÃªn nÃ y cÃ³ menu yokoso má»›i láº¡i hÃ o há»©ng Ä‘i dÃ¹ng thá»­ xem sá»± sÃ¡ng táº¡o khÃ´ng giá»›i háº¡n cá»§a morico ngay. 
HÃ´m nay thá»­ trÆ°á»›c ly nÆ°á»›c Lucky Spring nÃ y. 
ÄÆ°á»£c giá»›i thiá»‡u lÃ  trÃ  mÆ¡ cÃ¹ng cÃ¡c loáº¡i dÃ¢u, cÃ³ thÃªm raspberry vÃ  váº£i tÆ°Æ¡i dÃ¹ng chung ná»¯a. 
Cáº£m nháº­n Ä‘áº§u tiÃªn lÃ  ly nÆ°á»›c nÃ y thÆ¡m mÃ¹i váº£i,dÃ¢u, thoang thoáº£ng mÃ¹i mÆ¡ lun ráº¥t dá»… chá»‹u. 
NÆ°á»›c uá»‘ng vá»‹ chua ngá»t vá»«a pháº£i, uá»‘ng mÃ¡t, trÃ¡i cÃ¢y tÆ°Æ¡i giÃ²n, mÃ¹i mÆ¡ chá»‰ nháº¹ vá»«a Ä‘á»§ thÃ´i chá»© khÃ´ng pháº£i chá»§ yáº¿u nÃªn khÃ¡ dá»… chá»‹u luÃ´n. 
NhÃ¢n viÃªn nhiá»‡t tÃ¬nh hÆ°á»›ng dáº«n mÃ¬nh chá»¥p checkin cÃ¡c kiá»ƒu Ä‘á»ƒ bá»‘c thÄƒm trÃºng quÃ  ná»¯a. May máº¯n Ä‘Æ°á»£c trÃºng Ä‘á»“ng xu con heo nÄƒm má»›i Ä‘Æ°á»£c nháº­p tá»« nháº­t luÃ´n ğŸ˜„ğŸ˜„ğŸ˜„",9.2
"Láº§n Ä‘áº§u tiÃªn tá»›i Ä‘Ã¢y, cáº£m tháº¥y khÃ´ng gian ráº¥t thoáº£i mÃ¡i, nhÃ¢n viÃªn nhiá»‡t tÃ¬nh, thÃ¢n thiá»‡n. MÃ³n Äƒn ngon.",9
Láº¡i má»™t mÃ¹a má»›i cá»§a Morico nÃ¨. CÃ³ nhiá»u pháº§n quÃ  má»›i Ä‘á»ƒ bá»‘c thÄƒm ná»¯a ğŸ˜ğŸ˜ğŸ˜,5
"âœ¨HÃ´m mÃ¬nh Ä‘i lÃ  Ä‘Ãºng dá»‹p cÃ³ chÆ°Æ¡ng trÃ¬nh Buy 1 get 1 free Matcha Float, mÃ¬nh chÆ°a uá»‘ng bao giá» nÃªn cÅ©ng Ä‘Æ°á»£c dá»‹p dÃ¹ng thá»­. GiÃ¡ em nÃ y lÃ  78k. VÃ¬ matcha khÃ¡ Ä‘áº·c vÃ  Ä‘áº­m mÃ¹i nÃªn mÃ¬nh thÃ­ch dÃ¹ng vá»›i sá»¯a hÆ¡n Ä‘á»ƒ Ä‘á»¡ Ä‘áº¯ng, ai chÆ°a quen mÃ¹i láº¯m cÃ³ thá»ƒ thÃªm Ä‘Æ°á»ng Ä‘á»ƒ bá»›t Ä‘áº¯ng hÆ¡n
âœ¨KÃªu thÃªm Ä‘Ä©a Fries French 48k Ä‘á»ƒ nháº¯m cho vui miá»‡ng :))) khoai tÃ¢y chiÃªn giÃ²n rá»¥m vá»›i rong biá»ƒn, Ä‘á»ƒ rÃ¡o dáº§u, mang ra cÃ²n nÃ³ng há»•i luÃ´n. Ä‚n ngon miá»‡ng láº¯m, cháº¥m vá»›i sá»‘t xÃ­ muá»™i nhÆ°ng mÃ¬nh tháº¥y hÆ¡i nháº¡t vá»›i sá»‘t Ã­t quÃ¡ nÃªn mÃ¬nh xin thÃªm tÆ°Æ¡ng á»›t

Ã€ Ä‘á»£t nÃ y mÃ¬nh Ä‘i lÃ  tá»« thÃ¡ng trÆ°á»›c mÃ  bÃ¢y giá» má»›i review láº¡i nÃªn cÃ²n máº¥y hÃ¬nh tá»« Ä‘á»£t GiÃ¡ng Sinh ğŸ˜Š Äi cÅ©ng máº¥y Ä‘á»£t rá»“i mÃ  khÃ´ng Ä‘Æ°á»£c lÃªn láº§u ngá»“i toÃ n ngá»“i táº§ng dÆ°á»›i ko Ã  chÆ°a cÃ³ cÃ³ cÆ¡ há»™i ngá»“i trÃªn láº§u",9
"Morico 
Ispahan macaron pháº£i nÃ³i lÃ  xuáº¥t sáº¯c, ráº¥t ráº¥t ngon ğŸ¤­ Vá» macaron ngá»t ngá»t vá»›i máº¥y trÃ¡i raspberry chua chua , cÃ³ tháº¡ch váº£i vÃ  cream hoa há»“ng bÃªn trong . Best tháº­t sá»± ğŸ˜­ğŸ˜­ğŸ˜­ğŸ˜­ 
Monaca Houjicha Parfait ngon táº¥t trá»« cÃ¡i bÃ¡nh káº¹p kem dá»Ÿ banh nhÃ  ğŸ˜‚ bá» cÃ¡i bÃ¡nh Ä‘Ã³ ra thÃ¬ ly parfait nÃ y 10 Ä‘iá»ƒm
combo nÃ y 236k hen",7
"CÆ¡m caÌ€ ri heo chiÃªn xuÌ€ phÃ´ mai tÆ¡Ìi 149k maÌ€ khÃ´ng ngon giÌ€ hÃªÌt trÆ¡n. MiÌ€nh khÃ´ng thiÌch hÆ°Æ¡ng viÌ£ caÌ€ ri Æ¡Ì‰ Ä‘Ã¢y, noÌ hÆ¡i khoÌ Äƒn. PhÃ´ mai thiÌ€ coÌ tiÌ xiÌu aÌ€.
MoÌn gaÌ€ vÆ¡Ìi miÌ€ laÌ£nh traÌ€ xanh thiÌ€ ok, gaÌ€ siÃªu ngon luÃ´n.",7
"LÃ¢u rá»“i má»›i quay láº¡i morico Äƒn, nhÆ°ng tháº­t sá»± chÆ°a bao giá» cÃ³ thá»ƒ tháº¥t vá»ng vá»›i quÃ¡n. Tá»« cÃ¡ch phá»¥c vá»¥ cá»§a nhÃ¢n viÃªn Ä‘áº¿n cháº¥t lÆ°á»£ng mÃ³n Äƒn. 2 mÃ³n trong hÃ¬nh lÃ 
Matcha jelly take: mÃ³n trÃ¡ng miá»‡ng vá»‹ trÃ  xanh bá» trong á»‘ng tre, gá»“m má»™t viÃªn kem trÃ  xanh, Ä‘áº­u Ä‘á» nghiá»n, mochi, tháº¡ch trÃ  xanh mÃ  Äƒn giá»‘ng sÆ°Æ¡ng sÃ¡o kÃ¨m theo sá»‘t trÃ  xanh dÃ nh cho nhá»¯ng ai thÃ­ch Ä‘áº¯ng. 
Kinako warabi mochi: mochi Ä‘áº­u nÃ nh phá»§ bá»™t Ä‘áº­u nÃ nh, khÃ´ng dáº»o nhÆ° mochi trÃ²n nhÆ°ng giá»‘ng nhÆ° káº¿t há»£p giá»¯a sÆ°Æ¡ng sÃ¢m vÃ  mochi váº­y, vá»«a dáº»o mÃ  váº«n tan trong miá»‡ng. Ä‚n kÃ¨m lÃ  mochi trÃ²n, má»™t viÃªn kem mÃ¨ Ä‘en vÃ  sá»‘t máº­t ong vÃ  sá»‘t Ä‘áº­u Ä‘á».",9.6
"MÃ¬nh Äƒn bento á»Ÿ morico hai láº§n, láº§n 1 á»Ÿ sg pearl ráº¥t ok. Láº§n nÃ y Ä‘áº·t deli táº¡i gáº§n nhÃ . MÃ  Ä‘á»£i lÃ¢u oi lÃ  lÃ¢u luÃ´n. Tá»›i nÆ¡i thÃ¬ Ä‘á»“ nguá»™i ngáº¯t hÆ¡i buá»“n má»™t táº¹o. 
Äá»“ Äƒn cÅ©ng khÃ¡ Ä‘á»§. Ä‚n no. Cháº¯c táº¡i cÃ³ mÃ£ giáº£m nÃªn cháº¥t lÆ°á»£ng hÆ¡i giáº£m má»™t tÃ­.",5
"Pháº£i nÃ³i lÃ  1 trong nhá»¯ng chi nhÃ¡nh cá»§a Morico mÃ  mÃ¬nh ghÃ© nhiá»u nháº¥t lÃ  chi nhÃ¡nh LÃª Lá»£i. Táº¡i hÃ¬nh nhÆ° Ä‘Ã¢y lÃ  chi nhÃ¡nh chÃ­nh hay sao Ã¡, nÃªn mÃ¬nh toÃ n Ä‘Æ°á»£c Ä‘i á»Ÿ Ä‘Ã¢y. Riáº¿t cÅ©ng quen nÃªn mÃ¬nh ghÃ© quÃ i, nhiá»u khi chá»‹ nhÃ¢n viÃªn cháº¯c cÅ©ng nhá»› máº·t luÃ´n :)) HÃ¬nh nÃ y gá»™p cáº£ 2 Ä‘á»£t Ä‘i cÅ©ng lÃ¢u rá»“i mÃ  giá» má»›i post lÃªn Foody Ä‘á»ƒ review nÃ¨",8
"LÃ¢u rá»“i khÃ´ng ghÃ©, hÃ´m nay mÃ¬nh Ä‘áº¿n Ä‘á»ƒ dÃ¹ng thá»­ Menu GiÃ¡ng Sinh. Tuy nhiÃªn, khi Ä‘áº¿n quÃ¡n chá»‰ cÃ²n phá»¥c vá»¥ 02 mÃ³n trong Menu. Máº·c dÃ¹, má»™t sá»‘ mÃ³n trÃªn Menu ghi thá»i háº¡n phá»¥c vá»¥ tá»›i 1/1. Cáº£m giÃ¡c hÆ¡i há»¥t háº«ng. áº¤n tÆ°á»£ng Ä‘áº§u khÃ´ng Ä‘áº¹p láº¯m.

MÃ¬nh váº«n gá»i mÃ³n mÃ¬nh thÃ­ch nháº¥t á»Ÿ Ä‘Ã¢y. NhÆ°ng chÆ°a bao giá» mÃ¬nh uá»‘ng ly Panna Cotta Strawberry Matcha Ä‘Æ°á»£c decor tá»‡ Ä‘áº¿n nhÆ° váº­y! Pháº§n sá»‘t dÃ¢u khÃ´ng tháº¥y Ä‘Ã¢u, uá»‘ng vÃ o vá»‹ ngá»t cá»§a káº¿t há»£p vá»›i mÃ¹i thÆ¡m cá»§a trÃ  khÃ´ng cÃ²n ná»¯a.

Phá»¥c vá»¥ váº«n tá»‘t, váº«n chuyÃªn nghiá»‡p vÃ  nhiá»‡t tÃ¬nh nhÆ° nhá»¯ng láº§n mÃ¬nh Ä‘áº¿n. NhÆ°ng cháº¥t lÆ°á»£ng mÃ¬nh cáº£m tháº¥y Ä‘i xuá»‘ng dáº§n. Cáº£m giÃ¡c má»—i láº§n Ä‘áº¿n Morico vÃ  mong chá» quay trá»Ÿ láº¡i khÃ´ng cÃ²n ná»¯a.",5.6
"MoÌn naÌ€y laÌ€ moÌn mÆ¡Ìi theo muÌ€a (Äƒn lÃºc má»›i ra mÃ  giá» má»›i nhá»› review).
MaÌ€u Ä‘oÌ‰ chuÌ‰ Ä‘aÌ£o laÌ€ thÃ¢Ìy giaÌng sinh tÆ¡Ìi rÃ´Ì€i )). BaÌnh mÃªÌ€m, thÆ¡m vaÌ€ tÆ¡i. PhiÌa trong laÌ€ coÌ lÆ¡Ìp phÃ´ mai chaÌ‰y ra kaka nhiÌ€n aÌ‰o tung diÃªÌ£u Äƒn cuÌ€ng lÆ¡Ìp kem vani laÌ€nh laÌ£nh khaÌ thiÌch. QuaÌ‰ phuÌc bÃ´Ì€n tÆ°Ì‰ Ã´i mÆ¡Ì£ Æ¡i noÌ chua, keÌ€m vÆ¡Ìi baÌnh vaÌ€ vuÌ£n socola khaÌ hÆ¡Ì£p.
ÄiÃªÌ‰m duy nhÃ¢Ìt t khÃ´ng thiÌch laÌ€ baÌnh ngoÌ£t cÆ°Ì£c,caÌ€ng Äƒn caÌ€ng ngoÌ£t. MiÌ€nh chiÌ‰ Äƒn Ä‘Æ°Æ¡Ì£c mÃ´Ì£t nÆ°Ì‰a coÌ€n laÌ£i boÌ‰ viÌ€ miÌ€nh Äƒn iÌt ngoÌ£t maÌ€ baÌnh cÆ°Ì£c ngoÌ£t. BÆ¡Ìt ngoÌ£t tiÌ thiÌ€ tuyÃªÌ£t vÆ¡Ì€i Ã´ng mÄƒÌ£t trÆ¡Ì€i.
NhÃ¢n viÃªn Æ¡Ì‰ Ä‘Ã¢y cÆ°Ì£c thÃ¢n thiÃªÌ£n vaÌ€ vui veÌ‰, anh baÌ‰o vÃªÌ£ cuÌƒng cÆ°Ì£c dÃªÌƒ thÆ°Æ¡ng...
NhÃ¢n viÃªn: cá»±c thÃ¢n thiá»‡n, anh báº£o vá»‡ hÆ¡i bá»‹ cÃ³ tÃ¢m luÃ´n.
KhÃ´ng gian: vÃ¬ dÃ¹ng Ä‘Ã¨n vÃ ng vÃ  bÃ n gháº¿ gá»— nÃªn táº¡o cho mÃ¬nh cáº£m giÃ¡c áº¥m Ã¡p, quÃ¡n cÃ³ 2 táº§ng, táº§ng 1 chá»§ yáº¿u lÃ  gháº¿ Ä‘á»‡m há»£p vá»›i uá»‘ng vÃ  Äƒn dessert, cÃ²n táº§ng 2 phÃ¹ há»£p Äƒn sushi (cÃ¡ nhÃ¢n mÃ¬nh nghÄ© váº­y). Ã€ táº§ng 2 cÃ²n cÃ³ bÃ n bao quanh khu lÃ m sushi ná»¯a cÃ³ thá»ƒ vá»«a Äƒn vá»«a nhÃ¬n anh Ä‘áº§u báº¿p lÃ m thÃ nh quáº£. NgoÃ i ra trÃªn nÃ y cÃ³ cÃ³ 2 ká»‡ trá»“ng sen Ä‘Ã¡ vÃ  xÆ°Æ¡ng rá»“ng, hÆ¡i bá»‹ thÃ­ch chá»— nÃ y (vÃ¬ mÃ¬nh lÃ  fan sen Ä‘Ã¡ )",8.4
"ÄÃ£ lÃ  fan cá»§a Morico tá»« khi tiá»‡m cÃ²n tÃªn Mof, iu tá»« nÆ°á»›c uá»‘ng tá»›i ramen sushi... chÆ°a bao giá» tháº¥t vá»ng â¤ï¸ nhÃ¢n ngÃ y ráº£nh rá»—i nÃªn lÃ´i hÃ¬nh cÅ© ra lÃ m chÃºt review ^^",9
"MÃ¬nh Ä‘áº¿n mua socola tÆ°Æ¡i táº·ng báº¡n thÃ´i, ngá»“i 1 xÃ­u chá» láº¥y Ä‘em vá» nhÆ°ng phá»¥c vá»¥ ráº¥t tuyá»‡t vá»i, cÃ²n táº·ng mÃ¬nh giáº¥y bÃºt Ä‘á»ƒ ghi lá»i chÃºc. Sáº½ dáº«n báº¡n Ä‘áº¿n Ä‘Ã¢y Äƒn sau",8
"- Tráº£i nghiá»‡m vá»›i Morico
#winteryokoso
#tamdungvatanhuong
#moricocafe
#tramdungmorico",8.2
"Morico 
Ispahan macaron pháº£i nÃ³i lÃ  xuáº¥t sáº¯c, ráº¥t ráº¥t ngon ğŸ¤­ Vá» macaron ngá»t ngá»t vá»›i máº¥y trÃ¡i raspberry chua chua , cÃ³ tháº¡ch váº£i vÃ  cream hoa há»“ng bÃªn trong . Best tháº­t sá»± ğŸ˜­ğŸ˜­ğŸ˜­ğŸ˜­ 
Monaca Houjicha Parfait ngon táº¥t trá»« cÃ¡i bÃ¡nh káº¹p kem dá»Ÿ banh nhÃ  ğŸ˜‚ bá» cÃ¡i bÃ¡nh Ä‘Ã³ ra thÃ¬ ly parfait nÃ y 10 Ä‘iá»ƒm
combo nÃ y 236k hen",6.2
"Nghe danh tá»« lÃºc cÃ²n thÆ°Æ¡ng hiá»‡u cÅ© Ä‘áº¿n giá» má»›i Ä‘áº¿n thá»­ Ä‘Æ°á»£c. QuÃ¡n nhÃ¬n áº¥m, khÃ´ng gian rá»™ng, nhÃ¢n viÃªn kiá»ƒu lá»‹ch sá»± nhÃ£ nháº·n. 

BÃ¡nh matcha chocolate, bÃ¡nh dáº¡ng lava nÃ³ng cháº£y á»Ÿ trong hoÃ  2 nhÃ¢n matcha vÃ  chocolate, mÃ  khÃ´ng tháº¥y nÃ³ng vá»›i dáº¡ng cháº£y cho láº¯m, kiá»ƒu sá»‡t sá»‡t hÆ¡n. Äáº¯ng ngá»t vá»«a. Kem vani kÃ¨m theo hÆ¡i ngá»t gáº¯t so vá»›i kháº©u vá»‹, ngá»t thanh thÃ¬ sáº½ ok hÆ¡n vÃ¬ bÃ¡nh Ä‘Ã£ ngá»t rá»“i. 

Kem tuyáº¿t matcha, Ä‘Ã¡ bÃ o matcha nhuyá»…n Ä‘áº­m Ä‘Ã  hÆ°Æ¡ng vá»‹ matcha, hÆ¡i Ä‘áº¯ng nháº¹, rÆ°á»›i nÆ°á»›c Ä‘Æ°á»ng cÃ¹ng sá»¯a matcha kÃ¨m theo Äƒn vÃ o thÃ¬ á»•n. Kem kÃ¨m theo má»m tan ngá»t Ã­t hÆ¡n kem viÃªn. BÃ¡nh dáº»o Äƒn kÃ¨m siÃªu dáº»o, hÆ¡i dÃ­nh rÄƒng chÃºt. 

NhÃ¬n chung cháº¥t lÆ°á»£ng Ä‘Ãºng chuáº©n matcha, hÆ°Æ¡ng vá»‹ ngon lÃ nh kÃ¨m phá»¥c vá»¥ tÆ°Æ¡ng xá»©ng giÃ¡ cáº£, lÃ¢u lÃ¢u quá»¡n Ä‘áº¿n thá»­ thÃ¬ oke chá»© Ä‘Æ°á»ng Ä‘i vÃ o hÆ¡i báº¥t tiá»‡n xe cá»™.",7
"Má»›i Ä‘áº§u tÃ­nh Äƒn Ä‘á»“ ngá»t mÃ  do chÆ°a Äƒn tá»‘i nÃªn mÃ¬nh vÃ  em gÃ¡i chuyá»ƒn qua Äƒn mÃ³n máº·n háº¿t lun. NhÃ¢n viÃªn váº«n phá»¥c vá»¥ táº­n tÃ¬nh, chu Ä‘Ã¡o nhÆ° ngÃ y nÃ o. MÃ¬nh gá»i:
12. Oyakodon Set - 108k cÆ¡m chiÃªn thá»‹t gÃ  vá»›i trá»©ng, mÃ¬ udon vÃ  bÃ¡nh xáº¿p Nháº­t lÃ  mÃ³n em mÃ¬nh kÃªu. CÆ¡m chiÃªn cÃ³ náº¥m ná»¯a cÅ©ng bÃ¬nh thÆ°á»ng, cÆ¡m cÃ²n khÃ¡ lÃ  má»m. ÄÆ°á»£c cÃ¡i udon Ä‘i kÃ¨m thÃ¬ ngon.
9. Chasu Ramen Set - 118k mÃ¬ ramen xÃ¡ xÃ­u & bÃ¡nh xáº¿p Nháº­t lÃ  mÃ³n cá»§a mÃ¬nh. CÃ³ thá»ƒ chá»n Ä‘á»™ cay cho mÃ¬ ramen nha vÃ  mÃ¬nh chá»n cay nhiá»u. Má»›i Äƒn thÃ¬ tháº¥y hÆ¡i dá»™i vÃ¬ Ä‘á»™ cay cá»§a nÃ³ nhÆ°ng vá»‹ cay ko kÃ©o dÃ i lÃ¢u Ä‘Ã¢u. MÃ¬nh thÃ­ch sá»£i mÃ¬ udon bÃªn tÃ´ kia hÆ¡n lÃ  sá»£i mÃ¬ ramen nÃ y, cá»© nhÆ° sá»£i bÃºn áº¥y. Trá»©ng lÃ²ng Ä‘Ã o ngon. BÃ¡nh xáº¿p gyoza cÅ©ng ngon, nhÃ¢n thá»‹t nhiá»u. Má»—i thá»© Äƒn 1 Ã­t mÃ  no luÃ´n.",8
"Náº¿u báº¡n muá»‘n tÃ¬m má»™t quÃ¡n dessert hay Äƒn máº·n Nháº­t Báº£n chuáº©n vá»‹ thÃ¬ Morico lÃ  Ä‘iá»ƒm lÃ½ tÆ°á»Ÿng Ä‘Ã³. MÃ¬nh tráº£i nghiá»‡m Morico Ä‘a dáº¡ng hÆ¡n khi tham dá»± offline do foody tá»• chá»©c. LÃºc áº¥y khÃ´ng gian váº«n chÆ°a sá»­a chá»¯a,h thÃ¬ Ä‘á»•i má»›i Ä‘áº¹p hÆ¡n rá»“i.

MÃ³n Ä‘á»“ uá»‘ng ruá»™t cá»§a mÃ¬nh lÃ  Houjicha ,lÃºc nÃ o cÅ©ng gá»i Iced Houjicha Shiratama háº¿t . Vá»‹ Houjicha thÆ¡m ,ngá»t nháº¹ cá»™ng thÃªm cá»¥c kem ná»¯a Äƒn Ä‘Ã£ğŸ˜‹ Rá»“i cÃ¡c mÃ³n Äƒn Ä‘Æ°á»£c bÃ y biá»‡n chuáº©n japanese style Ä‘áº¹p máº¯t , cÃ³ cÃ¡i gia vá»‹ Nháº­t mÃ¬nh Äƒn k há»£p láº¯m,cÃ¡ r máº¥y Ä‘á»“ chiÃªn thÃ¬ Morico lÃ m hÆ¡i bá»‹ â€œxá»‹n â€œ,rÃ¡o dáº§u,giÃ²n tan,tháº¥m vá»‹. Tay nghá» hÆ¡n cáº£ má»™t sá»‘ nhÃ  hÃ ng Nháº­t mÃ¬nh tá»«ng Ä‘i.

NhÃ¢n viÃªn chuyÃªn nghiá»‡p, giá»¯ xe miá»…n phÃ­.",8
"#winteryokoso #tramdungmorico
#tamdung&tanhuong",8.4
"Bá»¯a con báº¡n thÃ¨m chocolate tÆ°Æ¡i á»Ÿ Ä‘Ã¢y nÃªn cÅ©ng ghÃ© vÃ´ Äƒn luÃ´n, quÃ¡n giá» lÃ´ cá»‘t nhiá»u nÃªn Ä‘i hÆ¡i khÃ³ xÃ­u nha cÃ¡c báº¡n, táº¡i Ä‘ang gáº§n khu nÃ y nÃªn Ä‘i luÃ´n cho tiá»‡n. MÃ¬nh Ä‘i lÃºc táº§m 8-9h nÃªn quÃ¡n hÆ¡i Ä‘Ã´ng nhÆ°ng cÅ©ng khÃ´ng á»“n láº¯m, quÃ¡n rá»™ng rÃ£i ok láº¯m. NhÃ¢n viÃªn cÅ©ng nhiá»‡t tÃ¬nh. Giá»¯ xe thÃ¬ miá»…n phÃ­. MÃ¬nh gá»i má»™t pháº§n chocolate mix mÃ¹i. CÃ³ hoa há»“ng, houjicha, matcha vÃ  original. CÃ¡ nhÃ¢n mÃ¬nh tháº¥y original lÃ  ok nháº¥t, rá»“i tá»›i matcha, 2 vá»‹ cÃ²n láº¡i hÆ¡i ngá»t gáº¯t, vá»›i láº¡i vá»‹ hoa há»“ng cá»© sao sao mÃ¬nh khÃ´ng thÃ­ch xÃ­u.",7
"Äi Äƒn mÃ³n Nháº­t pháº£i nghÄ© ngay Ä‘áº¿n Morico. MÃ³n Äƒn - khÃ´ng gian - phá»¥c vá»¥ á»Ÿ Morico LÃª Lá»£i luÃ´n luÃ´n lÃ m cho mÃ¬nh thoáº£i mÃ¡i - hÃ i lÃ²ng. 
MÃ¹a Yokoso Noel nÄƒm nay khÃ´ng ""hoÃ nh trÃ¡ng"" báº±ng nÄƒm ngoÃ¡i láº¯m. NhÆ°ng cÃ³ nhiá»u mÃ³n vá»‹ má»›i láº¡ - báº¯t máº¯t. MÃ  khi Ä‘Ã£ thá»­ 1 láº§n lÃ  muá»‘n Äƒn hoÃ i.",8.4
"LÃ¢u lÃ¢u quay láº¡i vá»›i MORICO luÃ´n cÃ³ cáº£m giÃ¡c thÃ¢n thuá»™c nhÆ° Ä‘Ã¢y lÃ  báº¡n. MÃ³n Äƒn á»Ÿ Ä‘Ã¢y luÃ´n háº¥p dáº«n mÃ³n Äƒn ngÃ y cÃ ng cháº¥t lÆ°á»£ng vÃ  báº¯t máº¯t ( tá»« menu chÃ­nh Ä‘áº¿n menu yokoso), Äƒn mÃ³n nÃ o cÅ©ng kÃ­ch thÃ­ch vá»‹ giÃ¡c thÃ¨m Äƒn cá»§a mÃ¬nh. CÃ¡c báº¡n nhÃ¢n viÃªn luÃ´n nhiá»‡t tÃ¬nh ,tÆ°Æ¡i táº¯n vÃ  dá»… thÆ°Æ¡ng. KhÃ´ng gian thÆ°á»ng xuyÃªn Ä‘á»•i má»›i vÃ  táº¡o cáº£m giÃ¡c áº¥m cÃºng",10
#winteryokoso,10
#winteryokoso #tramdungmorico #tamdungvatanhuong #moricocafe,8.8
"LÃ¢u láº¯m má»›i ngá»“i khÃ´ng gian táº§ng trá»‡t cá»§a Morico LÃª Lá»£i, má»›i sá»­a láº¡i ngá»“i thoÃ¡ng vá»›i Ä‘áº¹p hÆ¡n háº³n. Sake sashimi tÆ°Æ¡i, pháº§n chirashi sashimi salad thÃ¢y nhiá»u hÆ¡n háº³n má»i khi Äƒn ngon. Green detox kiá»ƒu ngá»t ngá»t dá»… uá»‘ng. NhÃ¢n viÃªn thÃ¢n thiá»‡n nhiá»‡t tÃ¬nh.",8.2
"Morico 
Ispahan macaron pháº£i nÃ³i lÃ  xuáº¥t sáº¯c, ráº¥t ráº¥t ngon ğŸ¤­ Vá» macaron ngá»t ngá»t vá»›i máº¥y trÃ¡i raspberry chua chua , cÃ³ tháº¡ch váº£i vÃ  cream hoa há»“ng bÃªn trong . Best tháº­t sá»± ğŸ˜­ğŸ˜­ğŸ˜­ğŸ˜­ 
Monaca Houjicha Parfait ngon táº¥t trá»« cÃ¡i bÃ¡nh káº¹p kem dá»Ÿ banh nhÃ  ğŸ˜‚ bá» cÃ¡i bÃ¡nh Ä‘Ã³ ra thÃ¬ ly parfait nÃ y 10 Ä‘iá»ƒm
combo nÃ y 236k hen",7
"#winteryokoso #tramdungmorico #tamdung&tanhuong
ChÆ°Æ¡ng trÃ¬nh check in Ä‘á»ƒ nháº­n quÃ ",6.4
"Ä‚n trÆ°a ko cáº§n Äƒn no - Ä‘Ã³ lÃ  tiÃªu chÃ­ cá»§a mÃ¬nh nÃªn thÃ­ch cÃ¡ch Äƒn cá»§a ngÆ°á»i Nháº­t, mÃ  Ä‘Ãºng style Japan thÃ¬ pháº£i ghÃ© Morico thÃ´i.

Gá»i MÃ¬ xanh láº¡nh Äƒn cÃ¹ng nÆ°á»›c sá»‘t nháº¹ nhÃ ng, sá»£i mÃ¬ má»m, tÆ°Æ¡i, trÃ¬nh bÃ y Ä‘áº¹p. Gá»i thÃªm pháº§n Salad rau da cÃ¡ há»“i ná»¯a cho Ä‘á»¡ ngÃ¡n.

Káº¿t show gá»i 1 pháº§n bÃ¡nh Panna Cotta vÃ  Ly Parfait cho 2 ngÆ°á»i Äƒn lÃ  chuáº©n lun. Panna Cotta bÃ©o, thÆ¡m, má»‹n mÃ ng nhá» lÃ m tá»« nguyÃªn liá»‡u xá»‹n. 

Ly Parfait ko ngá»t lÃ  mÃ¬nh Æ°ng.

NhÃ¢n viÃªn phá»¥c vá»¥ á»Ÿ chi nhÃ¡nh nÃ y dá»… thÆ°Æ¡ng.",8.4
"ğŸ…ğŸ…Noel nÃ y Ä‘i dáº¡o lÃ²ng vÃ²ng SÃ i GÃ²n mÃ  khÃ´ng ghÃ© Morico Ä‘á»ƒ dÃ¹ng Menu Seasonal lÃ  má»™t thiáº¿u sÃ³t lá»›n. ğŸ…ğŸ…
Menu kÃ¬ nÃ y Ä‘áº­m sáº¯c mÃ u GiÃ¡nh Sinh vÃ  cÃ³ cáº£ nhá»¯ng pháº§n quÃ  Ä‘á»™c quyá»n, dá»… thÆ°Æ¡ng chá»‰ cÃ³ táº¡i Morico dÃ nh cho khÃ¡ch check-in ná»¯a nha. 
Cá»© check-in lÃ  cÃ³ quÃ , 100% quÃ  táº·ng luÃ´n. 
Tranh thá»§ lÃ m vÃ i cÃ¡i kiáº¿m quÃ  cÆ°ng cÆ°ng Ä‘em vá» lÃ m ká»· niá»‡m thÃ´i ğŸğŸ",9
Yum yum,10
"MÃ¹a Noel láº¡i sáº¯p Ä‘áº¿n rá»“i, Morico láº¡i cÃ³ menu Winter yokoso má»›i
Äáº¿n Morico #táº¡m dá»«ng & táº­n hÆ°á»Ÿng nhÃ©! 

MÃ¹a nÃ y ngoÃ i Ä‘Æ°á»£c Äƒn ngon - chá»¥p Ä‘áº¹p cÃ²n cÃ³ nhá»¯ng quÃ  táº·ng dá»… thÆ°Æ¡ng mang vá» ná»¯a ğŸ˜",8.6
"Pháº§n bingsu trÃ¡i cÃ¢y 149k Äƒn táº§m 2-3 ngÆ°á»i, oder sáº½ Ä‘Æ°á»£c táº·ng thÃªm pháº§n bÃ¡nh káº¹p hÃ¬nh hoa cÃºc, khÃ´ng gian bao xin, thÃ­ch láº¯m",7.4
"Morico quÃ¡ ná»•i tiáº¿ng vá» cÃ¡c mÃ³n dessert Nháº­t rá»“i. Há»“i tá»¥i mÃ¬nh Ä‘Æ°á»£c trÃºng voucher rá»§ nhau Ä‘i Äƒn. Gá»i 1 cÃ¡i há»™p gá»— Tiramisu Socola ,1 há»™p gá»— Tiramisu matcha. 1 bÃ¡nh Waffle kem matcha +kem houjicha Ä‘áº­u Ä‘á» .Tá»¥i mÃ¬nh khÃ´ng háº£o cÃ¡i Tiramisu láº¯m vÃ¬ cÃ³ láº½ lo chá»¥p áº£nh quÃ¡ nhiá»u,bÃ¡nh tan cháº£y nÆ°á»›c má»m nhÅ©n Äƒn máº¥t ngon,so hai bÃ¡nh thÃ¬ tháº¥y thÃ­ch socola hÆ¡n ,Ä‘áº¯ng Ä‘áº¯ng bÃ©o bÃ©oğŸ˜‚ CÃ²n mÃ³n bÃ¡nh waffle tá»¥i mÃ¬nh cá»±c thÃ­ch . BÃ¡nh waffle giÃ²n Äƒn kÃ¨m lá»›p kem Whipping nháº¡t bÃ©o cá»™ng chÃºt ngá»t cá»§a Ä‘áº­u Ä‘á» ,sá»‘t máº­t ong ,mochi dáº»o ráº¥t hoÃ  quyá»‡n^^.Kem houjicha viÃªn to,vá»‹ ngon vÃ  dá»… Äƒn hÆ¡n matcha nhiá»u,nÃªn gá»i nhaaaaağŸ‘
NhÃ¢n viÃªn hÃ´m áº¥y k nhiá»‡t tÃ¬nh báº±ng cÃ¡c báº¡n trÆ°á»›c nhÆ°ng cÅ©ng thÃ¢n thiá»‡n,lá»‹ch sá»±.
QuÃ¡n lÃºc áº¥y mÃ¬nh Ä‘i chÆ°a sá»­a,h sá»­a láº¡i Ä‘áº¹p Ä‘áº½ hÆ¡n r nÃ¨.",8
"KhÃ´ng gian trÃªn láº§u á»Ÿ chi nhÃ¡nh LÃª Lá»£i má»›i sá»­a láº¡i siÃªu Ä‘áº¹p. ThÃ­ch nháº¥t cÃ¡i gÃ³c quáº§y vá»«a ngá»“i Äƒn vá»«a xem nhÃ¢n viÃªn lÃ m máº¥y mÃ³n sashimi. Sashimi cÃ¡ há»“i tÆ°Æ¡i, decor Ä‘áº¹p, Äƒn ngon, dáº¡o nÃ y Morico Ä‘á»•i menu má»›i tháº¥y máº¥y mÃ³n sashimi trang trÃ­ Ä‘áº¹p hÆ¡n háº³n. MÃ¬ kim chi ramen lÃ  mÃ³n quen rá»“i. NhÃ¢n viÃªn thÃ¢n thiá»‡n nhiá»‡t tÃ¬nh",8.6
"Láº§n thá»© 2 tá»›i Morico LÃª Lá»£i trong nÄƒm rá»“i vÃ  váº«n ráº¥t thÃ­ch Morico.
-Láº§n nÃ y cháº¡y xe tá»›i tháº³ng trÆ°á»›c Morico lÃ  cÃ³ anh báº£o vá»‡ gá»­i xe giÃ¹m nÃªn tiá»‡n hÆ¡n nhiá»u nÃ¨, tiá»‡m Morico xinh xinh Ä‘Ã¡ng yÃªu, bÃªn trong dÃ i láº¯m áº¥y, cÃ³ 2 táº§ng luÃ´n - thoÃ¡ng rá»™ng, ná»™i tháº¥t ra háº³n phong cÃ¡ch contemporary. Menu xá»‹n xá»‹n láº¯m nha, nhÆ° cuá»‘n photobook, Ä‘áº¹p vÃ  sang tá»« cháº¥t liá»‡u tá»›i thiáº¿t káº¿. QuÃ¡n cÅ©ng trang trÃ­ vÃ  dÃ¹ng nhá»¯ng mÃ³n Ä‘á»“ trÃªn bÃ n xinh xinh.

-Do chá»— rá»™ng mÃ  Ã­t khÃ¡ch nÃªn khÃ´ng cÃ³ bá»‹ á»“n, nháº¡c báº­t vá»›i Ã¢m lÆ°á»£ng tháº¥p (nhÆ°ng mÃ¬nh sáº½ thÃ­ch hÆ¡n náº¿u khÃ´ng dÃ¹ng máº¥y bÃ i pop xáº­p xÃ¬nh :v).

-Morico luÃ´n cho khÃ¡ch pháº§n nÆ°á»›c lá»c, nhÃ¢n viÃªn liÃªn tá»¥c refill. NhÃ¢n viÃªn Morico lÃºc nÃ o cÅ©ng lá»‹ch sá»±, chuyÃªn nghiá»‡p vÃ  dá»… thÆ°Æ¡ng hihi. 

-CÃ²n Ä‘á»“ Äƒn thÃ¬ do Ä‘i Ã­t ngÆ°á»i nÃªn cÅ©ng chá»‰ kÃªu 2 mÃ³n: mÃ³n Ä‘Ã¡ xay cÃ¡c loáº¡i berry thÃ¬ chua nháº¹, kem ngon nhÆ°ng pháº§n Ä‘Ã¡ xay cÅ©ng thÆ°á»ng, mÃ¬nh nghÄ© náº¿u thÃªm nÆ°á»›c sá»‘t gÃ¬ Ä‘Ã³ nhiá»u hÆ¡n thÃ¬ sáº½ ngon hÆ¡n, pháº§n Ä‘Ã¡ xay to mÃ  Ä‘á»ƒ trong chÃ©n nhá» cÅ©ng khÃ³ Äƒn Ã¡ Morico Æ¡i. CÃ²n ly parfait thÃ¬ ngon-trÃªn-tá»«ng-cm luÃ´n áº¥y, pháº§n kem trÃªn xá»‘p nháº¹, 2 viÃªn kem ngá»t, pháº§n ngÅ© cá»‘c giÃ²n giÃ²n, tháº¡ch vÃ  pana cotta cÃ¡c thá»© lÃ m cho mÃ¬nh cá»±c hÃ i lÃ²ng luÃ´n áº¥y - nÃ³i chung lÃ  1 mÃ³n trÃ¡ng miá»‡n báº¡n pháº£i thá»­ náº¿u á»Ÿ SG. NhÃ¬n chung thÃ¬ Morico Ä‘Ã£ lÃ m Ä‘á»™ ngá»t/Ä‘áº¯ng phÃ¹ há»£p vá»›i kháº©u vá»‹ cá»§a ngÆ°á»i Viá»‡t (mÃ¬nh tháº¥y tháº¿) nÃªn Äƒn dá»…, kÃ¨m theo viá»‡c trang trÃ­ mÃ³n (visual Ã­) quÃ¡ xuáº¥t sáº¯c luÃ´n. 

-VÃ  vÃ¬ táº¥t cáº£ nhá»¯ng Ä‘iá»u trÃªn, giÃ¡ cáº£ cá»§a Morico Ä‘Æ°Æ¡ng nhiÃªn khÃ´ng cÃ³ bÃ¨o rá»“i :p

TÃ³m láº¡i lÃ  Morico sáº½ cho báº¡n má»™t tráº£i nghiá»‡m thá»a Ä‘Ã¡ng, sang cháº£nh, thÆ°á»Ÿng thá»©c vÄƒn hÃ³a cáº£m há»©ng tá»« Nháº­t, thÃ­ch há»£p cho háº¹n hÃ², Ä‘i Äƒn trong dá»‹p Ä‘Ã²i há»i hÃ¬nh thá»©c (formal). Hi vá»ng chi nhÃ¡nh nÃ y sáº½ trÆ°á»ng tá»“n lÃ¢u dÃ i, hiá»‡n giá» nÃ³ bá»‹ cÃ¡i lÃ  vÆ°á»›ng cÃ¡i cÃ´ng trÃ¬nh Metro nÃªn khÃ¡ khÃ³ khÄƒn trong viá»‡c di chuyá»ƒn tá»›i, hi vá»ng Morico váº«n cÃ²n Ä‘áº¥y Ä‘á»ƒ sau nÃ y Metro xay xong Ä‘i tá»›i Morico sáº½ tiá»‡n hÆ¡n kaka.",8.8
"MÃ¬nh lÃ  khÃ¡ch quen cá»§a Morico LL tá»« lÃ¢u. MÃ³n máº·n - ngá»t á»Ÿ Ä‘Ã¢y Ä‘á»u ngon háº¿t. 

RiÃªng vá» menu máº·n hÆ¡i Ã­t láº¡i k cÃ³ shushi nhÆ° máº¥y nhÃ  khÃ¡c. NhÆ°ng hÃ´m nay quay láº¡i tháº­t sá»± ""pháº¥n khÃ­ch"" luÃ´n, lÃ  thay Ä‘á»•i menu máº·n má»›i cÃ³ thÃªm shushi & shashimi ná»¯a, pháº£i nÃ³i quÃ¡ nhiá»u mÃ³n ngon luÃ´n. 

Morico LL cÃ²n cÃ³ háº³ng 1 quáº§y shushi á»Ÿ trÃªn láº§u vá»›i khÃ´ng gian yÃªn tÄ©nh - rá»™ng rÃ£i 

ÄÃ¢y lÃ  nÆ¡i mÃ  mÃ¬nh ráº¥t hÃ i lÃ²ng khÃ´ng chá»‰ riÃªng vá» mÃ³n Äƒn mÃ  khÃ´ng gian - cÃ¡ch phá»¥c vá»¥ cá»§a cÃ¡c báº¡n ráº¥t chuyÃªn nghiá»‡p nhiá»‡t tÃ¬nh vá»›i khÃ¡ch.",5
"ğŸ˜ŠLÃºc nÃ y mÃ¬nh Ä‘i Äƒn thá»­ 1 trong cÃ¡c Combo Yokoso, mÃ¬nh Äƒn Combo C. MÃ³n mÃ¬nh áº¥n tÆ°á»£ng nháº¥t lÃ  Special Gelato cake, lÃºc Ä‘áº§u khÃ´ng nghÄ© Ä‘Ã³ lÃ  kem Ä‘Ã¢u, Äƒn rá»“i má»›i biáº¿t, mÃ  Äƒn láº¡nh ngáº¯t luÃ´n :))) Ä‘áº¿n cuá»‘i cÃ³ lá»›p bÃ¡nh á»Ÿ dÆ°á»›i Äƒn Ä‘á»¡ ngÃ¡n kem hÆ¡n nÃ¨. mÃ³n nÃ y trang trÃ­ Ä‘Ãºng báº¯t máº¯t luÃ´n. LÃºc Ä‘áº§u nhÃ¬n mÃ¬nh tÆ°á»Ÿng lÃ  máº¥y bÃ¡nh macaron nhÆ°ng ko pháº£i, toÃ n bá»™ Ä‘á»u báº±ng kem háº¿t, cÃ³ vá»‹ kem dÃ¢u, matcha, quÃ­t Nháº­t, dÃ¹ng dung vá»›i topping xoÃ i, vá»¥n bÃ¡nh Matcha, quáº£ mÃ¢m xÃ´i. CÃ³ cÃ¡i Ä‘áº¿ bÃªn dÆ°á»›i báº±ng bÃ¡nh bÃ´ng lan nÃªn Äƒn Ä‘á»¡ tháº¥y buá»‘t láº¡nh hÆ¡n :)))) CÃ²n bÃ´ng hoa trang trÃ­ bÃ© xÃ­u kia lÃ  tá»« káº¹o Ä‘Æ°á»ng bth thÃ´i

ğŸ‘Follow Instagram @myanhnguyenthi to explore more places and somewhere in Vietnam ğŸ“",8
"Morico luÃ´n lÃ  Ä‘á»‹a Ä‘iá»ƒm Æ°a thÃ­ch cá»§a mÃ¬nh, tuy nhiÃªn chi nhÃ¡nh LÃª Lá»£i nÃ y trÆ°á»›c Ä‘Ã¢y menu khÃ¡ Ã­t nÃªn ko khÃ´ng Ä‘áº¿n Ä‘Ã¢y nhiá»u. Nay vÃ´ tÃ¬nh vÃ o Ä‘Ã¢y thÃ¬ khÃ´ng gian thay Ä‘á»•i hoÃ n toÃ n nha, Ä‘áº·c biá»‡t lÃ  trÃªn láº§u má»›i má»Ÿ quáº§y sushi má»Ÿ cÃ³ bÃ n ngá»“i táº¡i quáº§y vá»«a Äƒn vá»«a xen máº¥y anh Ä‘áº§u báº¿p lÃ m mÃ³n luÃ´n. Vá» menu cÅ©ng khÃ¡ Ä‘a dáº¡ng vÃ  Ä‘áº§y Ä‘á»§ nhÆ° cÃ¡c chi nhÃ¡nh khÃ¡c. NhÃ¢n viÃªn á»Ÿ Ä‘Ã¢y thÃ¢n thiá»‡n láº¯m luÃ´n nha, cÃ²n giá»›i thiá»‡u mÃ¬nh lÃªn láº§u Ä‘á»ƒ khÃ¡m phÃ¡ khÃ´ng gian má»›i haha. MÃ³n Äƒn tÆ°Æ¡i ngon ráº¥t há»£p vá»›i kháº©u vá»‹ cá»§a mÃ¬nh, má»™t sá»‘ mÃ³n giÃ¡ khÃ¡ Ä‘áº¯t nhÆ°ng Ä‘i kem vá»›i cháº¥t lÆ°á»£ng vÃ  cá»±c ká»³ sang cháº£nh.",9
"MÃ¬nh Ä‘áº¿n Ä‘Ã¢y Äƒn vÃ o táº§m 9g cÃ³ láº½ quÃ¡n sáº¯p Ä‘Ã³ng cá»­a nÃªn nhiá»u mÃ³n mÃ¬nh muá»‘n order thÃ¬ láº¡i háº¿t
Vá» khÃ´ng gian quÃ¡n ko Ä‘Æ°á»£c rá»™ng rÃ£i láº¯m hÆ¡i cháº­t chá»™i quÃ¡n hÆ¡i nhá» view cÅ©g khoing Ä‘áº¹p
Vá» cháº¥t lÆ°á»£ng mÃ¬nh tháº¥y matcha á»Ÿ Ä‘Ã¢y cÅ©g ok hÆ¡i Ä‘áº¯ng chÃ¡t cÆ¡ láº½ khÃ´ng há»£p vá»›i kháº©u vá»‹ cá»§a mÃ¬nhğŸ˜­ğŸ˜­
Vá» giÃ¡ mÃ¬nh tháº¥y hÆ¡i Ä‘áº¯t cháº¯c cÃ³ láº½ do bá»™t matcha nhÆ°mg mÃ¬nh tháº¥y khÃ´ng há»£p vá»›i mÃ¬nh láº¯mğŸ˜­ğŸ˜­",5.4
"Ngon láº¯m - mÃ¹a hÃ¨ Ä‘i Äƒn cÃ¡c mÃ³n láº¡nh lÃ  tuyá»‡t vá»i
GiÃ¡ cáº£ Ä‘i kÃ¨m vá»›i cháº¥t lÆ°á»£ng, mÃ¬nh Ä‘i Ä‘a sá»‘ Äƒn dessert
ÄÃ¡ bÃ o lÃ  mÃ³n mÃ¬nh ko thÃ­ch nháº¥t vÃ¬ so vá»›i bÃªn thÃ¡i thÃ¬ á»Ÿ Ä‘Ã¢y tan mau láº¯m.
parfait lÃ  mÃ³n khÃ´ng thá»ƒ bá» qua khi Ä‘áº¿n quÃ¡n. SiÃªu ngon, nháº¥t lÃ  cÃ³ panda cotta bÃ©o ngon láº¯m, Äƒn kÃ¨m vá»›i cÃ¡c loáº¡i topping ná»¯a tháº­t sá»± tuyá»‡t vá»i. ThÃ­ch há»£p Ä‘i vá»›i há»™i nhÃ³m,",9.2
"Ngon láº¯m luÃ´n Ã¡ 
GiÃ¡ cáº£ Ä‘i kÃ¨m vá»›i cháº¥t lÆ°á»£ng, mÃ¬nh Ä‘i Ä‘a sá»‘ Äƒn dessert
ÄÃ¡ bÃ o lÃ  mÃ³n mÃ¬nh ko thÃ­ch nháº¥t vÃ¬ so vá»›i bÃªn thÃ¡i thÃ¬ á»Ÿ Ä‘Ã¢y tan mau láº¯m.
Páº§it lÃ  mÃ³n khÃ´ng thá»ƒ bá» qua khi Ä‘áº¿n quÃ¡n. SiÃªu ngon, nháº¥t lÃ  cÃ³ panda cotta bÃ©o ngon láº¯m",8.4
"QuÃ¡n nÃ y náº±m trÃªn Ä‘Æ°á»n lÃª lá»£i chá»— gÃ³c lÃª lá»£i vá»›i pastuer Ã¡, dá»… tÃ¬m láº¯m, khÃ´ng gian quÃ¡n Ä‘áº¹p, nhÃ¢n viÃªn phá»¥c vá»¥ á»Ÿ Ä‘Ã¢y dá»… thÆ°Æ¡ng, Ä‘á»“ uá»‘ng siÃªu ngon, giÃ¡ hÆ¡i cao nhÆ°ng Ä‘áº£m báº£o cháº¥t lÆ°á»£ng ha",8
"Vá»‹ trÃ­ quÃ¡n dá»… tÃ¬m, khÃ´ng gian Ä‘áº¹p rá»™ng rÃ£i, Ä‘ang trÆ°a nÃ³ng vÃ´ trong Ä‘Ã¢y ta nÃ³i mÃ¡t rÆ°á»£i luÃ´n, nhÃ¢n viÃªn á»Ÿ Ä‘Ã¢y cÅ©ng dá»… thÆ°Æ¡ng, nhiá»‡t tÃ¬nh ná»¯a, menu Ä‘a dáº¡ng, Ä‘á»“ uá»‘ng ngon, giÃ¡ hÆ¡i cao nhÆ°ng cháº¥p nháº­n Ä‘Æ°á»£c",8
"Láº§n Ä‘áº§u tiÃªn Ä‘áº¿n morico giá» nÃ y. QuÃ¡n váº«n ok, nhÃ¢n viÃªn nhiá»‡t tÃ¬nh. Äá»“ Äƒn á»•n, nay Ä‘á»•i vá»‹ ko uá»‘ng matcha vÃ  cáº£m tháº¥y há»‘i háº­n.",7.2
"ğŸ– Vá»‹ trÃ­: láº§n nÃ y quay láº¡i thÃ¬ mÃ¬nh Ä‘Ã£ cÃ³ kinh nghiá»‡m cháº¡y xe hÆ¡n rá»“i ğŸ˜‚ vÃ¬ cÃ´ng trÃ¬nh váº«n cÃ²n xÃ¢y nÃªn pháº£i Ä‘i vÃ´ con Ä‘Æ°á»ng nhá» xÃ­u, cÃ³ chá»— giá»¯ xe luÃ´n nha.

ğŸ– NhÃ¢n viÃªn: ai cÅ©ng dá»… thÆ°Æ¡ng.

ğŸ– KhÃ´ng gian: áº¥m Ã¡p, cÃ³ nhiá»u bÃ n hÆ¡i gáº§n nÃªn cÅ©ng ngáº¡i khi nÃ³i chuyá»‡n ğŸ˜‚

ğŸ–MÃ³n Äƒn: mÃ¬nh cÃ³ order 3 mÃ³n:
 
 Ebi tempura udon: sá»£i mÃ¬ udon mÃ¬nh tháº¥y Äƒn á»•n, nÆ°á»›c dÃ¹ng hÆ¡i máº·n Ä‘á»ƒ Äƒn kÃ¨m vá»›i ebi. Ebi tempura thÃ¬ cháº¯c cháº¯n cÃ³ ebi rá»“i, ngoÃ i ra cÃ²n cÃ³ bÃ­ Ä‘á»/ khoai lang/cÃ  tÃ­m/ rau... chiÃªn táº©m bá»™t. Do chiÃªn táº©m bá»™t rá»“i nÃªn dá»… Äƒn láº¯m. Cháº¥m kÃ¨m vá»›i nÆ°á»›c tÆ°Æ¡ng Äƒn cho Ä‘á»¡ ngÃ¡n bá»™t nha.

 Katsudon: mÃ³n nÃ y cÃ²n cÃ³ combo ná»¯a nhÆ°ng mÃ  hÆ¡i bÃ© nÃªn tá»¥i mÃ¬nh order háº³n 1 tÃ´ lun Äƒn cho nhiá»u. Má»i thá»© Ä‘á»u ráº¥t ngon cho Ä‘áº¿n khi Äƒn miáº¿ng thá»‹t heo thÃ¬... nÃ³i chung k há»£p kháº©u vá»‹. MÃ¬nh váº«n thÃ­ch oyakodon hÆ¡n.

 Houjicha latte kakigori: mÃ¬nh tháº¥y mÃ³n nÃ y Ä‘Æ°á»£c nhiá»u báº¡n review ngon nÃªn Äƒn thá»­. Cáº£m nháº­n cá»§a mÃ¬nh lÃ  cÃ¡c báº¡n nÃªn cháº¿ sá»¯a vÃ´ Äƒn tá»« tá»« rá»“i thÃªm tiáº¿p nha váº­y má»›i ngon :))). MÃ  cÃ³ váº» do mÃ¬nh thÃ­ch Äƒn ngá»t nÃªn tháº¥y morico cho hÆ¡i Ã­t sá»¯a, lÃºc háº¿t sá»¯a rá»“i Äƒn nháº¡t nháº½o láº¯mğŸ˜­. HÆ¡i bÃ¹n tÃ­ nhÆ°ng mÃ  váº«n Äƒn háº¿t :))).",7
"ğŸ¡: Morico 30 LÃª Lá»£i 
_________________________
NÃ³i thiá»‡t mÃ¬nh k pháº£i fan Morico ,tháº¥y matcha quÃ¡ Ä‘áº¯ng, Ä‘Ã¡ bÃ o nháº¡t nháº½o,parfait Äƒn Ä‘Æ°á»£c nhÆ°ng k cÃ³ gÃ¬ Ä‘áº·c biá»‡t cáº£,cáº£m giÃ¡c k hoÃ  quyá»‡n gÃ¬ háº¿t .Cho Ä‘áº¿n khi Äƒn Ä‘Æ°á»£c mÃ³n Iced Houjicha Shitarama vÃ  Molten Matcha Chocolate CakeğŸ˜
Houjicha cÅ©ng mang má»™t hÆ°Æ¡ng vá»‹ â€œráº¥t Nháº­t Báº£n â€œ-vá»‹ trÃ  gáº¡o rang,vá»‹ dá»… Äƒn phÃ¹ há»£p vá»›i kháº©u vá»‹ háº§u háº¿t má»i ngÆ°á»i ,k bá»‹ Ä‘áº¯ng tanh nhÆ° matchağŸ˜‚
CÃ²n mÃ³n bÃ¡nh Molten cÃ³ nhÃ¢n socola+matcha nÃ³ng cháº£y bÃªn trong vÃ´ cÃ¹ng ngon,lÃ  sá»± káº¿t há»£p bao chuáº©n giá»¯a vá»‹ Ä‘áº¯ng cá»§a lá»›p bÃ¡nh,chua cá»§a dÃ¢u tÃ¢y cÃ¹ng vá»‹ ngá»t cá»§a dÃ²ng cháº£y sÃ´-cÃ´-la vÃ  kem. HÃ£y Äƒn lÃºc bÃ¡nh vÃ  socola cÃ²n nÃ³ng tan cháº£y Ä‘á»ƒ cáº£m nháº­n Ä‘Æ°á»£c sá»± tuyá»‡t vá»i nha!!ğŸ˜˜
Phá»¥c vá»¥ chi nhÃ¡nh nÃ y chuyÃªn nghiá»‡p nháº¥t.Giá»¯ xe miá»…n phÃ­.",7.8
"MÃ¬nh ráº¥t thÃ­ch Ä‘áº¿n morico Äƒn bingsu, nháº¥t lÃ  bingsu theo season. MÃ¹a nÃ y lÃ  hojicha- 1 loáº¡i trÃ  rang dÃ nh cho ai khÃ´ng thÃ­ch trÃ  xanh cÃ³ thá»ƒ thá»­ trÃ  rang, mÃ¹i dá»… chá»‹u hÆ¡n Ä‘á»¡ tanh vÃ  láº¡i thÆ¡m ná»¯a.
MÃ¬nh gá»i set combo gá»“m 1 bingsu vÃ  1 crepe.
Crep thÃ¬ mÃ¬nh ko thÃ­ch, Äƒn khÃ¡ lÃ  ngÃ¡n. 
Bingsu thÃ¬ ngon bÃªn trÃªn cÃ³ pannacotta, bÃªn trong cÃ²n cÃ³ lá»›p tháº¡ch trÃ , viÃªn trÃ´i nÆ°á»›c á»Ÿ Ä‘Ã¢y dáº»o, mÃ¹i gáº¡o nhai thÃ­ch láº¯m. 
Gá»i 1 pháº§n combo 2 ngÆ°á»i Äƒn lÃ  Ä‘á»§ rá»“i, nÆ°á»›c lá»c free refill suá»‘t luÃ´n. VÃ¬ lÃ  combo nÃªn ko giáº£m giÃ¡ cho tháº» thÃ nh viÃªn ná»¯a nha.",7.8
"Hic cháº¯c mÃ¬nh ko há»£p vá»›i kiá»ƒu uá»‘ng matcha Ä‘áº¯ng Ä‘áº¯ng láº¡i nháº¡t nháº¡t nhÆ° váº§y nÃªn cáº£m tháº¥y k thÃ­ch láº¯m. BÃ¹ láº¡i kem á»Ÿ Ä‘Ã¢y siÃªu ngon, ko gian lá»‹ch sá»±, phá»¥c vá»¥ tá»‘t, uá»•ng cÃ¡i náº±m ngay chá»— lÃ´ cá»‘t nÃªn bá»‹ váº¯ng quÃ¡.
GiÃ¡ khÃ¡ cao",7.2
"MÃ¬nh thÃ­ch cháº¥t lÆ°á»£ng mÃ³n Äƒn tá»« khi cÃ²n lÃ  MOF, hÃ´m qua mÆ°a lá»›n, mÃ¬nh ghÃ© quÃ¡n. 

Äáº§u tiá»n báº£o vá»‡ giá»¯ xe quÃ¡ tá»‡. QuÃ¡n káº¿ bÃªn mÆ°a cá»¡ váº­y váº«n ngá»“i trÆ°á»›c quÃ¡n , báº£o vá»‡ quÃ¡n nÃ y tháº¥y mÃ¬nh há»i chá»— giá»¯ xe, váº«n ngá»“i cÆ°á»i phÃ­a trong ko dÃ¹ ko ra giÃºp mÃ¬nh luÃ´n.

Váº¥n Ä‘á» quan trá»ng, quÃ¡n giá»¯ xe sáº½ giá»¯ chÃ¬a khoÃ¡ xe. MÃ¬nh cháº¯c cháº¯n Ä‘á»ƒ há»™p mÃ u máº¯t trong cá»‘p xe, nhÆ°ng lÃºc láº¥y xe, mÃ¬nh láº¥y nÃ³n báº£o hiá»ƒm ra Ä‘Ã£ máº¥t há»™p mÃ u máº¯t. 

HÆ¡i tháº¥t vá»ng dá»‹ch vá»¥. CÃ²n láº¡i máº¥y báº¡n nhÃ¢n viÃªn ráº¥t tá»‘t, cháº¥t lÆ°á»£ng mÃ³n Äƒn ngon.",7
"Cuá»“ng Morico dá»… sá»£ lÃ m mÃ³n gÃ¬ cÅ©ng Ä‘áº¹p, bá»‹ cÃ¡i hÆ¡i máº¯c tÃ­ hoy chá»© khÃ´ng gÃ¬ ğŸ˜¥. MÃ¬nh khoÃ¡i trÃ  xanh Ä‘áº¯ng nÃªn Äƒn mÃ³n nÃ o cÅ©ng tháº¥y ngon quÃ¡ nÃ¨, 2 Ä‘á»©a Äƒn háº¿t chá»— nÃ y no ngon lÃ¨ lÆ°á»¡i. KhÃ´ng gian Ä‘áº¹p sang háº¹n hÃ² háº¿t Ã½.",8
"Tháº¥y hÃ¬nh bÃ¡nh nÃ y láº¡ láº¡ nÃªn mÃ¬nh order Äƒn thá»­. BÃ¡nh nÃ y kiá»ƒu giá»‘ng kem nÃªn Äƒn nhanh káº»o tan máº¥t. CÃ³ vá»‹ xoÃ i, vá»‹ dÃ¢u chua chua ngá»t ngá»t. NgoÃ i ra cÃ³ quáº£ mÃ¢m xÃ´i ná»¯a. Lá»›p phÃ­a dÆ°á»›i lÃ  bÃ¡nh matcha",8.2
"Trá»i láº¡nh láº¡nh nÃªn cáº£ phÃ²ng dáº¯t dÃ­u nhau Ä‘i Morico Äƒn kem cho láº¡nh thÃªm :)))
CÅ©ng may máº¯n Ä‘Æ°á»£c trÃºng minigame cá»§a Morico, free 1 pháº§n dessert combo trong menu SpecialYokoso hÃ¨ hÃ¨
Pháº£i nÃ³i lÃ  menu nÃ y táº¡o cáº£m giÃ¡c tÆ°Æ¡i xanh yÃªu Ä‘á»i dá»… sá»£,Ä‘áº­p vÃ´ máº¯t lÃ  mÃ³n nÃ o cÅ©ng cute háº¿t trÆ¡n.
MÃ¬nh thá»­ combo matcha kinako warabi mochi vá»›i bÃ¡nh flower gelato cake. Gá»i chung combo thÃ¬ sáº½ tiáº¿t kiá»‡m hÆ¡n gá»i tá»«ng mÃ³n
-CÃ¡i bÃ¡nh matcha warabi mochi Äƒn kÃ¨m Ä‘áº­u Ä‘á» thÃ¬ Ä‘áº·c trÆ°ng á»Ÿ Ä‘Ã¢y rá»“i, bÃ¡nh dáº»o, matcha Ä‘Ãºng ngáº­p miá»‡ng luÃ´n, thÃªm cÃ¡i bÃ©o cá»§a Ä‘áº­u Ä‘á» nÃªn chuáº©n luÃ´n, khÃ´ng bá»‹ Ä‘áº¯ng gÃ¬ Ä‘Ã¢u, thÃªm cÃ³ kem siÃªu bÃ©o ná»¯a. Ai mÃ  fan matcha thÃ¬ nÃªn thá»­ mÃ³n nÃ y nha
-Flower gelato cake: pháº£i nÃ³i lÃ  10/10 cho decor, tÃªn bÃ¡nh lÃ  flower nÃªn bÃ¡nh cÅ©ng Ä‘áº¹p nhÆ° hoa luÃ´n.Máº¥y viÃªn kem bÃ© bÃ© xinh xinh, cÃ³ vá»‹ trÃ  xanh, vá»‹ phÃºc bá»“n tá»­, cÃ³ cáº£ vá»‹ xoÃ i,thÃ­ch nháº¥t lÃ  vá»‹ chanh the the bÃªn trong cÃ¹ng, phÃ­a dÆ°á»›i lÃ  lá»›p bÃ¡nh nhÆ° bÃ¡nh bÃ´ng lan Ã½, cÃ²n cÃ³ cáº£ vá» lÃ  bÃ¡nh cookie trÃ  xanh ná»¯a,thÃªm bÃ´ng cÃºc Ä‘Æ°á»£c Ã¡o Ä‘Æ°á»ng bÃªn ngoÃ i ná»¯a, nÃ³i chung lÃ  cÃ¡i mÃ³n nÃ y Ä‘áº¹p, thÆ¡m, ngon.
Vá» khÃ´ng gian á»Ÿ Ä‘Ã¢y thÃ¬ Ä‘Ãºng sang trá»ng rá»“i, Ä‘Ã¨n vÃ ng áº¥m cÃºng ná»¯a. CÃ³ cÃ¡i cÃ¡i vá»‹ trÃ­ thÃ¬ bá»‹ lÃ´ cá»‘t che, dá»… bá»‹ Ä‘i huá»‘t Ã¡
CÃ²n nhÃ¢n viÃªn thÃ¬ chuyÃªn nghiá»‡p rá»“i, máº·c dÃ¹ mÃ¬nh dÃ¹ng voucher Äƒn free mÃ  nhÃ¢n viÃªn váº«n nhiá»‡t tÃ¬nh vÃ  lá»‹ch sá»±
GiÃ¡ cÃ³ hÆ¡i cao 1 chÃºt nhÆ°ng mÃ  cháº¥t lÆ°á»£ng thÃ¬ xá»©ng Ä‘Ã¡ng
Äáº¿n Ä‘Ã¢y nhiá»u láº§n rá»“i mÃ  láº§n nÃ o cÅ©ng hÃ i lÃ²ng
@moricocafe #specialYokoso",9
"#specialyokoso
#dhcvietnamoffical
ğŸ’‹",7.2
Houjicha monaca parfait ngon xs ğŸ‘ğŸ»ğŸ‘ğŸ»ğŸ‘ğŸ»,9.6
"NÃ y lÃ  hÃ´m Ä‘i workshop cÃ³ chá»¥p vÃ i táº¥m nÃªn up review luÃ´n. QuÃ¡n náº±m á»Ÿ khÃºc cÃ³ lÃ´ cá»‘t nÃªn pháº£i leo lá» mÃ  cháº¡y nha, hÃ´m mÃ¬nh Ä‘i lÃ  gá»­i xe háº»m gáº§n Ä‘Ã³, 10k láº­n ğŸ¤¦ğŸ»â€â™€ï¸

QuÃ¡n khÃ´ng lá»›n láº¯m, trang trÃ­ dá»… thÆ°Æ¡ng vÃ  áº¥m cÃºng, dessert lÃ  chá»§ yáº¿u vÃ  cÃ³ thÃªm vÃ i mÃ³n máº·n. MÃ¬nh khÃ´ng biáº¿t giÃ¡ cá»¥ thá»ƒ nÃªn review khÃ¡i quÃ¡t thÃ´i nhÃ©.

MÃ¬nh gá»i Iced Matcha Shiratama (78k) : má»™t ly bÃ© bÃ© xinh xinh, matcha xá»‹n nÃªn khÃ¡ lÃ  Ä‘áº¯ng, uá»‘ng khÃ´ng quen thÃ¬ cháº¿ nÆ°á»›c Ä‘Æ°á»ng vÃ o. CÃ³ viÃªn kem Äƒn ngon nÃ¨ nhÆ°ng mÃ  khÃ´ng cÃ³ muá»—ng mÃºc nÃªn mÃ¬nh láº¥y á»‘ng hÃºt mÃºc Äƒn ğŸ¤¦ğŸ»â€â™€ï¸ 

MÃ³n máº·n trang trÃ­ Ä‘áº¹p vÃ  báº¯t máº¯t nhÆ°ng vÃ¬ mÃ¬nh chá»¥p hÃ¬nh lÃ¢u quÃ¡ nÃªn lÃºc Äƒn bá»‹ láº¡nh, lÃ  láº¡nh chá»© khÃ´ng pháº£i nguá»™i nha má»i ngÆ°á»i )))) nÃªm náº¿m á»•n, vá»‹ nháº¡t hÆ¡n so vá»›i kháº©u vá»‹ ngÆ°á»i Viá»‡t. 

NhÃ¢n viá»‡n lá»‹ch sá»±, giÃ¡ khÃ¡ cao, lÃ¢u lÃ¢u Ä‘á»•i giÃ³ hay Ä‘i tÃ¡n gáº«u cÃ¹ng báº¡n bÃ¨ cÅ©ng á»•n.",6.6
"Vá»‹ trÃ­: nhÃ  hÃ ng riÃªng biá»‡t chá»© ko náº±m trong trung tÃ¢m thÆ°Æ¡ng máº¡i cÆ¡ mÃ  vá»‹ trÃ­ láº¡i ko Ä‘c Ä‘áº¹p, vÆ°á»›ng lÃ´ cá»‘t
KhÃ´ng gian: cÃ³ trá»‡t vá»›i láº§u, mÃ¡y láº¡nh mÃ¡t rÆ°á»£i nÃ¨, trÃªn láº§u thoÃ¡ng hÆ¡n, Ã¡nh sÃ¡ng tá»± nhiÃªn nhÆ°ng full dÆ°á»›i Ä‘áº¥t r má»›i Ä‘c lÃªn láº§u
MÃ¬nh thÃ­ch Äƒn mÃ¬ Ã½ gÃ  teriyaki á»Ÿ Ä‘Ã¢y láº¯m, vÃ¬ nhÃ¬n nÃ³ báº¯t máº¯t cá»±c kÃ¬, lá»›p da gÃ  nÆ°á»›ng rÆ°á»›i sá»‘t cÄƒng bÃ³ng, kÃ­ch thÃ­ch cá»±c. MÃ¬ trá»¥ng vá»«a Ä‘á»™, gÃ  nÆ°á»›ng tháº¥m, pháº§n Äƒn Ä‘á»§ no cho mÃ¬nh, cÃ³ bonus thÃªm chÃ©n xÃ  lÃ¡ch Äƒn kÃ¨m ná»¯a nha",8.6
"MÃ¬nh hay Äƒn Morico á»Ÿ Crescent Mall, tá»± nhiÃªn Ä‘á»•i há»©ng sang LÃª Lá»£i Äƒn thá»­ vÃ¬ tháº¥y review nhiá»u hÆ¡n. Nhá»¯ng mÃ³n ngá»t thÃ¬ menu khÃ¡ Ä‘áº§y Ä‘á»§, váº«n cÃ³ nhá»¯ng mÃ³n mÃ¬nh thÃ­ch, nhÆ°ng menu mÃ³n máº·n thÃ¬ quÃ¡ Ã­t. Cháº¯c do Ä‘Æ°á»ng Ä‘ang cÃ³ cÃ´ng trÃ¬nh, Ã­t ngÆ°á»i ghÃ© nÃªn menu Ã­t mÃ³n hÆ¡n bÃªn Crescent Mall.",5.2
"quÃ¡n quen thuá»™c cá»§a gia Ä‘Ã¬nh mÃ¬nh ğŸ‘‹ğŸ» gá»­i xe free nha anh báº£o vá»‡ dá»… thÆ°Æ¡ng láº¯m luÃ´n , ghi nhá»› xe nÃ o chÃ¬a khoÃ¡ nÃ o cá»±c Ä‘á»‰nh nhÃ© :)))

Kakigori xoÃ i 98k+ lÃ  mÃ³n mÃ¬nh thÃ­ch nháº¥t trong dÃ£y kakigori ğŸ’› chua chua ngá»t ngá»t , thá»‹t xoÃ i Äƒn ráº¥t Ä‘Ã£ miá»‡ng , kem float , sá»‘t xoÃ i , chÃ©n nÆ°á»›c Ä‘Æ°á»ng. Size cÃ ng ngÃ y cÃ ng nhá» áº¥y , cÃ¡i chÃ©n Ä‘á»±ng cÅ©ng Ä‘á»•i luÃ´n cÃ²n cÃ³ chÃºt ná»‹ ğŸ¤­

Hokkaido mille crepe 88k+ (lÃªn giÃ¡ rá»“i lÃºc trÆ°á»›c cÃ³ 78k+) mÃ¬nh chá»n sauce chocolate ğŸ« cÃ³ mÃ¹i thoang thoáº£ng cá»§a rÆ°á»£u rum thÆ¡m cá»±c ğŸ¤© bÃ¡nh bÃ©o bÃ©o , ko quÃ¡ ngá»t , Äƒn ko lÃ  Ä‘á»§ ngon ko cáº§n sauce váº«n Ä‘Æ°á»£c. MÃ£i yÃªu Morico nhÃ©!",7.2
