No,Title,URL,ObjectID,SiteID,ObjectType,JSON_URL
0,5 cựu lãnh đạo liên quan dự án gang thép Thái Nguyên bị bắt,https://vnexpress.net/phap-luat/5-cuu-lanh-dao-lien-quan-du-an-gang-thep-thai-nguyen-bi-bat-3912230.html,3912230,1000000,1,https://usi-saas.vnexpress.net/index/get?callback=okmen&offset=0&limit=1000&frommobile=0&sort=like&objectid=3912230&siteid=1000000&objecttype=1
1,"Phản đối cách khám, hai anh em tấn công bác sĩ tại bệnh viện",https://vnexpress.net/phap-luat/phan-doi-cach-kham-hai-anh-em-tan-cong-bac-si-tai-benh-vien-3912269.html,3912269,1000000,1,https://usi-saas.vnexpress.net/index/get?callback=okmen&offset=0&limit=1000&frommobile=0&sort=like&objectid=3912269&siteid=1000000&objecttype=1
2,Đàn ong 180.000 con có thể sống sót qua đám cháy Nhà thờ Đức Bà Paris,https://vnexpress.net/the-gioi/dan-ong-180-000-con-co-the-song-sot-qua-dam-chay-nha-tho-duc-ba-paris-3912285.html,3912285,1000000,1,https://usi-saas.vnexpress.net/index/get?callback=okmen&offset=0&limit=1000&frommobile=0&sort=like&objectid=3912285&siteid=1000000&objecttype=1
3,Dự án hơn 8.000 tỷ 'đắp chiếu' ở Gang thép Thái Nguyên,https://vnexpress.net/kinh-doanh/du-an-hon-8-000-ty-dap-chieu-o-gang-thep-thai-nguyen-3912291.html,3912291,1003159,1,https://usi-saas.vnexpress.net/index/get?callback=okmen&offset=0&limit=1000&frommobile=0&sort=like&objectid=3912291&siteid=1003159&objecttype=1
4,Cảnh sát bắt giữ tàu chở 900 tấn than lậu trên biển,https://vnexpress.net/thoi-su/canh-sat-bat-giu-tau-cho-900-tan-than-lau-tren-bien-3912293.html,3912293,1000000,1,https://usi-saas.vnexpress.net/index/get?callback=okmen&offset=0&limit=1000&frommobile=0&sort=like&objectid=3912293&siteid=1000000&objecttype=1
5,Sinh viên Hà Nội tiếp cận 10.000 vị trí việc làm,https://vnexpress.net/giao-duc/sinh-vien-ha-noi-tiep-can-10-000-vi-tri-viec-lam-3912272.html,3912272,1000000,1,https://usi-saas.vnexpress.net/index/get?callback=okmen&offset=0&limit=1000&frommobile=0&sort=like&objectid=3912272&siteid=1000000&objecttype=1
6,Những kỳ quan thế giới thu nhỏ phát sáng giữa lòng Sài Gòn,https://vnexpress.net/du-lich/nhung-ky-quan-the-gioi-thu-nho-phat-sang-giua-long-sai-gon-3912208.html,3912208,1003231,1,https://usi-saas.vnexpress.net/index/get?callback=okmen&offset=0&limit=1000&frommobile=0&sort=like&objectid=3912208&siteid=1003231&objecttype=1
7,Hà Giang bổ nhiệm Phó giám đốc Sở Giáo dục và Đào tạo sau bê bối thi cử,https://vnexpress.net/giao-duc/ha-giang-bo-nhiem-pho-giam-doc-so-giao-duc-va-dao-tao-sau-be-boi-thi-cu-3912238.html,3912238,1000000,1,https://usi-saas.vnexpress.net/index/get?callback=okmen&offset=0&limit=1000&frommobile=0&sort=like&objectid=3912238&siteid=1000000&objecttype=1
8,Nhật sắp cử chiến hạm lớn nhất biên chế thăm Việt Nam,https://vnexpress.net/the-gioi/nhat-sap-cu-chien-ham-lon-nhat-bien-che-tham-viet-nam-3912289.html,3912289,1000000,1,https://usi-saas.vnexpress.net/index/get?callback=okmen&offset=0&limit=1000&frommobile=0&sort=like&objectid=3912289&siteid=1000000&objecttype=1
9,Trung Quốc sản xuất tàu chống bom và cháy nổ cho Isreal,https://vnexpress.net/khoa-hoc/trung-quoc-san-xuat-tau-chong-bom-va-chay-no-cho-isreal-3912242.html,3912242,1000000,1,https://usi-saas.vnexpress.net/index/get?callback=okmen&offset=0&limit=1000&frommobile=0&sort=like&objectid=3912242&siteid=1000000&objecttype=1
10,Cảnh sát bao vây khách sạn có hàng chục người nước ngoài nghi lừa đảo,https://vnexpress.net/phap-luat/canh-sat-bao-vay-khach-san-co-hang-chuc-nguoi-nuoc-ngoai-nghi-lua-dao-3912148.html,3912148,1000000,1,https://usi-saas.vnexpress.net/index/get?callback=okmen&offset=0&limit=1000&frommobile=0&sort=like&objectid=3912148&siteid=1000000&objecttype=1
11,"Pháp điều xe tăng, thiết giáp đến gần biên giới Nga",https://vnexpress.net/the-gioi/phap-dieu-xe-tang-thiet-giap-den-gan-bien-gioi-nga-3912133.html,3912133,1000000,1,https://usi-saas.vnexpress.net/index/get?callback=okmen&offset=0&limit=1000&frommobile=0&sort=like&objectid=3912133&siteid=1000000&objecttype=1
12,"Hơn 1,1 tấn ma tuý ở Sài Gòn chung đường dây với các vụ ở miền Trung",https://vnexpress.net/phap-luat/hon-1-1-tan-ma-tuy-o-sai-gon-chung-duong-day-voi-cac-vu-o-mien-trung-3912266.html,3912266,1000000,1,https://usi-saas.vnexpress.net/index/get?callback=okmen&offset=0&limit=1000&frommobile=0&sort=like&objectid=3912266&siteid=1000000&objecttype=1
13,"Hơn 1,1 tấn ma tuý đá bị bắt ở Sài Gòn",https://vnexpress.net/phap-luat/hon-1-1-tan-ma-tuy-da-bi-bat-o-sai-gon-3912097.html,3912097,1000000,1,https://usi-saas.vnexpress.net/index/get?callback=okmen&offset=0&limit=1000&frommobile=0&sort=like&objectid=3912097&siteid=1000000&objecttype=1
14,Man City - Tottenham: Đại chiến tâm lý,https://vnexpress.net/bong-da/man-city-tottenham-dai-chien-tam-ly-3912268.html,3912268,1002565,1,https://usi-saas.vnexpress.net/index/get?callback=okmen&offset=0&limit=1000&frommobile=0&sort=like&objectid=3912268&siteid=1002565&objecttype=1
15,"Ngoài gia công, ngành IT ở Việt Nam đang làm những gì?",https://vnexpress.net/kinh-doanh/ngoai-gia-cong-nganh-it-o-viet-nam-dang-lam-nhung-gi-3911262.html,3911262,1003159,1,https://usi-saas.vnexpress.net/index/get?callback=okmen&offset=0&limit=1000&frommobile=0&sort=like&objectid=3911262&siteid=1003159&objecttype=1
16,Tối nay xe F1 lần đầu chạy thử tại Hà Nội,https://vnexpress.net/the-thao/toi-nay-xe-f1-lan-dau-chay-thu-tai-ha-noi-3912202.html,3912202,1002565,1,https://usi-saas.vnexpress.net/index/get?callback=okmen&offset=0&limit=1000&frommobile=0&sort=like&objectid=3912202&siteid=1002565&objecttype=1
17,Điều hòa 'ngốn' điện thế nào trong mùa nắng nóng,https://vnexpress.net/so-hoa/dieu-hoa-ngon-dien-the-nao-trong-mua-nang-nong-3911733.html,3911733,1002592,1,https://usi-saas.vnexpress.net/index/get?callback=okmen&offset=0&limit=1000&frommobile=0&sort=like&objectid=3911733&siteid=1002592&objecttype=1
18,Quá trình giải cứu báu vật trong biển lửa ở Nhà thờ Đức Bà,https://vnexpress.net/the-gioi/qua-trinh-giai-cuu-bau-vat-trong-bien-lua-o-nha-tho-duc-ba-3912156.html,3912156,1000000,1,https://usi-saas.vnexpress.net/index/get?callback=okmen&offset=0&limit=1000&frommobile=0&sort=like&objectid=3912156&siteid=1000000&objecttype=1
19,Thư tuyệt mệnh của cựu tổng thống Peru hé lộ nguyên nhân tự sát,https://vnexpress.net/the-gioi/thu-tuyet-menh-cua-cuu-tong-thong-peru-he-lo-nguyen-nhan-tu-sat-3912151.html,3912151,1000000,1,https://usi-saas.vnexpress.net/index/get?callback=okmen&offset=0&limit=1000&frommobile=0&sort=like&objectid=3912151&siteid=1000000&objecttype=1
20,Dàn sao đầu tư váy áo hàng hiệu dự sinh nhật Ngoisao.net,https://vnexpress.net/giai-tri/dan-sao-dau-tu-vay-ao-hang-hieu-du-sinh-nhat-ngoisao-net-3912229.html,3912229,1002691,1,https://usi-saas.vnexpress.net/index/get?callback=okmen&offset=0&limit=1000&frommobile=0&sort=like&objectid=3912229&siteid=1002691&objecttype=1
21,Man Utd bị chê 'nặng cảm tính và sai lầm' khi chọn Solskjaer,https://vnexpress.net/bong-da/man-utd-bi-che-nang-cam-tinh-va-sai-lam-khi-chon-solskjaer-3912123.html,3912123,1002565,1,https://usi-saas.vnexpress.net/index/get?callback=okmen&offset=0&limit=1000&frommobile=0&sort=like&objectid=3912123&siteid=1002565&objecttype=1
22,Tòa hủy quyết định ngăn ông Vũ 'khởi kiện nhà phân phối',https://vnexpress.net/phap-luat/toa-huy-quyet-dinh-ngan-ong-vu-khoi-kien-nha-phan-phoi-3910177.html,3910177,1000000,1,https://usi-saas.vnexpress.net/index/get?callback=okmen&offset=0&limit=1000&frommobile=0&sort=like&objectid=3910177&siteid=1000000&objecttype=1
23,Bé trai 7 tuổi bị chó nhà cắn chết,https://vnexpress.net/thoi-su/be-trai-7-tuoi-bi-cho-nha-can-chet-3912160.html,3912160,1000000,1,https://usi-saas.vnexpress.net/index/get?callback=okmen&offset=0&limit=1000&frommobile=0&sort=like&objectid=3912160&siteid=1000000&objecttype=1
24,Đòn tâm lý khiến thuyền trưởng Đức tự đánh chìm chiến hạm năm 1939,https://vnexpress.net/the-gioi/don-tam-ly-khien-thuyen-truong-duc-tu-danh-chim-chien-ham-nam-1939-3911280.html,3911280,1000000,1,https://usi-saas.vnexpress.net/index/get?callback=okmen&offset=0&limit=1000&frommobile=0&sort=like&objectid=3911280&siteid=1000000&objecttype=1
25,Cảnh sát bắt giữ tàu chở 900 tấn than lậu trên biển,https://vnexpress.net/thoi-su/canh-sat-bat-giu-tau-cho-900-tan-than-lau-tren-bien-3912293.html,3912293,1000000,1,https://usi-saas.vnexpress.net/index/get?callback=okmen&offset=0&limit=1000&frommobile=0&sort=like&objectid=3912293&siteid=1000000&objecttype=1
26,"Miền Bắc và Trung nắng nóng, nhiều nơi trên 40 độ",https://vnexpress.net/thoi-su/mien-bac-va-trung-nang-nong-nhieu-noi-tren-40-do-3912252.html,3912252,1000000,1,https://usi-saas.vnexpress.net/index/get?callback=okmen&offset=0&limit=1000&frommobile=0&sort=like&objectid=3912252&siteid=1000000&objecttype=1
27,Thi thể hai vợ chồng cháy đen trong hẻm ở Bình Dương,https://vnexpress.net/phap-luat/thi-the-hai-vo-chong-chay-den-trong-hem-o-binh-duong-3912149.html,3912149,1000000,1,https://usi-saas.vnexpress.net/index/get?callback=okmen&offset=0&limit=1000&frommobile=0&sort=like&objectid=3912149&siteid=1000000&objecttype=1
28,Đàn ong 180.000 con có thể sống sót qua đám cháy Nhà thờ Đức Bà Paris,https://vnexpress.net/the-gioi/dan-ong-180-000-con-co-the-song-sot-qua-dam-chay-nha-tho-duc-ba-paris-3912285.html,3912285,1000000,1,https://usi-saas.vnexpress.net/index/get?callback=okmen&offset=0&limit=1000&frommobile=0&sort=like&objectid=3912285&siteid=1000000&objecttype=1
29,Nhật sắp cử chiến hạm lớn nhất biên chế thăm Việt Nam,https://vnexpress.net/the-gioi/nhat-sap-cu-chien-ham-lon-nhat-bien-che-tham-viet-nam-3912289.html,3912289,1000000,1,https://usi-saas.vnexpress.net/index/get?callback=okmen&offset=0&limit=1000&frommobile=0&sort=like&objectid=3912289&siteid=1000000&objecttype=1
30,Nghi thức đóng đinh cực đoan của người mộ đạo Philippines,https://vnexpress.net/the-gioi/nghi-thuc-dong-dinh-cuc-doan-cua-nguoi-mo-dao-philippines-3911943.html,3911943,1000000,1,https://usi-saas.vnexpress.net/index/get?callback=okmen&offset=0&limit=1000&frommobile=0&sort=like&objectid=3911943&siteid=1000000&objecttype=1
31,"Phản đối cách khám, hai anh em tấn công bác sĩ tại bệnh viện",https://vnexpress.net/phap-luat/phan-doi-cach-kham-hai-anh-em-tan-cong-bac-si-tai-benh-vien-3912269.html,3912269,1000000,1,https://usi-saas.vnexpress.net/index/get?callback=okmen&offset=0&limit=1000&frommobile=0&sort=like&objectid=3912269&siteid=1000000&objecttype=1
32,Thi thể thiếu phụ dưới giếng cạnh nhà,https://vnexpress.net/phap-luat/thi-the-thieu-phu-duoi-gieng-canh-nha-3912195.html,3912195,1000000,1,https://usi-saas.vnexpress.net/index/get?callback=okmen&offset=0&limit=1000&frommobile=0&sort=like&objectid=3912195&siteid=1000000&objecttype=1
33,Miếng rách trên ga trải giường tố cáo tội ác của gã cha dượng,https://vnexpress.net/phap-luat/mieng-rach-tren-ga-trai-giuong-to-cao-toi-ac-cua-ga-cha-duong-3911022.html,3911022,1000000,1,https://usi-saas.vnexpress.net/index/get?callback=okmen&offset=0&limit=1000&frommobile=0&sort=like&objectid=3911022&siteid=1000000&objecttype=1
34,Phụ nữ phải mạnh mẽ để che chở những lúc đàn ông yếu mềm,https://vnexpress.net/y-kien/phu-nu-phai-manh-me-de-che-cho-nhung-luc-dan-ong-yeu-mem-3911919.html,3911919,1000000,1,https://usi-saas.vnexpress.net/index/get?callback=okmen&offset=0&limit=1000&frommobile=0&sort=like&objectid=3911919&siteid=1000000&objecttype=1
35,Quy hoạch Đà Lạt - đừng như phá đường tàu răng cưa rồi hối tiếc,https://vnexpress.net/y-kien/quy-hoach-da-lat-dung-nhu-pha-duong-tau-rang-cua-roi-hoi-tiec-3912165.html,3912165,1000000,1,https://usi-saas.vnexpress.net/index/get?callback=okmen&offset=0&limit=1000&frommobile=0&sort=like&objectid=3912165&siteid=1000000&objecttype=1
36,Nên đặt bức tượng Hàn Quốc tặng ở không gian hiện đại của Huế,https://vnexpress.net/y-kien/nen-da-t-buc-tuong-han-quoc-tang-o-khong-gian-hie-n-da-i-cu-a-hue-3911866.html,3911866,1000000,1,https://usi-saas.vnexpress.net/index/get?callback=okmen&offset=0&limit=1000&frommobile=0&sort=like&objectid=3911866&siteid=1000000&objecttype=1
37,Dàn sao mừng sinh nhật báo Ngôi Sao,https://vnexpress.net/giai-tri/dan-sao-mung-sinh-nhat-bao-ngoi-sao-3912034.html,3912034,1002691,1,https://usi-saas.vnexpress.net/index/get?callback=okmen&offset=0&limit=1000&frommobile=0&sort=like&objectid=3912034&siteid=1002691&objecttype=1
38,Loại cây trồng giúp căn nhà mát mẻ ngày nắng nóng,https://vnexpress.net/suc-khoe/loai-cay-trong-giup-can-nha-mat-me-ngay-nang-nong-3911437.html,3911437,1003750,1,https://usi-saas.vnexpress.net/index/get?callback=okmen&offset=0&limit=1000&frommobile=0&sort=like&objectid=3911437&siteid=1003750&objecttype=1
39,Năm hoa hậu hội ngộ trong show thời trang,https://vnexpress.net/giai-tri/nam-hoa-hau-hoi-ngo-trong-show-thoi-trang-3911016.html,3911016,1002691,1,https://usi-saas.vnexpress.net/index/get?callback=okmen&offset=0&limit=1000&frommobile=0&sort=like&objectid=3911016&siteid=1002691&objecttype=1
40,Những vật liệu cần dùng để phục dựng Nhà thờ Đức Bà Paris,https://vnexpress.net/infographics/nhung-vat-lieu-can-dung-de-phuc-dung-nha-tho-duc-ba-paris-3911674.html,3911674,1000000,4,https://usi-saas.vnexpress.net/index/get?callback=okmen&offset=0&limit=1000&frommobile=0&sort=like&objectid=3911674&siteid=1000000&objecttype=4
41,Diễn biến vụ cháy nhà thờ Đức Bà Paris,https://vnexpress.net/infographics/dien-bien-vu-chay-nha-tho-duc-ba-paris-3911597.html,3911597,1000000,4,https://usi-saas.vnexpress.net/index/get?callback=okmen&offset=0&limit=1000&frommobile=0&sort=like&objectid=3911597&siteid=1000000&objecttype=4
42,,https://vnexpress.net/goc-nhin/mot-tan-ma-tuy-3911533.html,3911533,1000000,1,https://usi-saas.vnexpress.net/index/get?callback=okmen&offset=0&limit=1000&frommobile=0&sort=like&objectid=3911533&siteid=1000000&objecttype=1
43,,https://vnexpress.net/goc-nhin/be-tong-hoa-da-lat-3910934.html,3910934,1000000,1,https://usi-saas.vnexpress.net/index/get?callback=okmen&offset=0&limit=1000&frommobile=0&sort=like&objectid=3910934&siteid=1000000&objecttype=1
44,Allegri mượn thất bại của Messi để bào chữa cho Ronaldo,https://vnexpress.net/bong-da/allegri-muon-that-bai-cua-messi-de-bao-chua-cho-ronaldo-3912227.html,3912227,1002565,1,https://usi-saas.vnexpress.net/index/get?callback=okmen&offset=0&limit=1000&frommobile=0&sort=like&objectid=3912227&siteid=1002565&objecttype=1
45,"Mourinho: 'Muốn ngăn cản, cần nhốt Messi vào lồng'",https://vnexpress.net/bong-da/mourinho-muon-ngan-can-can-nhot-messi-vao-long-3912166.html,3912166,1002565,1,https://usi-saas.vnexpress.net/index/get?callback=okmen&offset=0&limit=1000&frommobile=0&sort=like&objectid=3912166&siteid=1002565&objecttype=1
46,Rivaldo: 'Messi xứng đáng đoạt Quả Bóng Vàng ngay từ bây giờ',https://vnexpress.net/bong-da/rivaldo-messi-xung-dang-doat-qua-bong-vang-ngay-tu-bay-gio-3912192.html,3912192,1002565,1,https://usi-saas.vnexpress.net/index/get?callback=okmen&offset=0&limit=1000&frommobile=0&sort=like&objectid=3912192&siteid=1002565&objecttype=1
47,Dự án hơn 8.000 tỷ 'đắp chiếu' ở Gang thép Thái Nguyên,https://vnexpress.net/kinh-doanh/du-an-hon-8-000-ty-dap-chieu-o-gang-thep-thai-nguyen-3912291.html,3912291,1003159,1,https://usi-saas.vnexpress.net/index/get?callback=okmen&offset=0&limit=1000&frommobile=0&sort=like&objectid=3912291&siteid=1003159&objecttype=1
48,Người dân đảo Lý Sơn xếp hàng mua xăng dầu dự trữ,https://vnexpress.net/kinh-doanh/nguoi-dan-dao-ly-son-xep-hang-mua-xang-dau-du-tru-3912270.html,3912270,1003159,1,https://usi-saas.vnexpress.net/index/get?callback=okmen&offset=0&limit=1000&frommobile=0&sort=like&objectid=3912270&siteid=1003159&objecttype=1
49,Steve Jobs đã thuyết phục Tim Cook về Apple như thế nào,https://vnexpress.net/kinh-doanh/steve-jobs-da-thuyet-phuc-tim-cook-ve-apple-nhu-the-nao-3911856.html,3911856,1003159,1,https://usi-saas.vnexpress.net/index/get?callback=okmen&offset=0&limit=1000&frommobile=0&sort=like&objectid=3911856&siteid=1003159&objecttype=1
50,Robot siêu nhỏ đưa thuốc vào cơ thể qua mạch máu,https://vnexpress.net/suc-khoe/robot-sieu-nho-dua-thuoc-vao-co-the-qua-mach-mau-3911993.html,3911993,1003750,1,https://usi-saas.vnexpress.net/index/get?callback=okmen&offset=0&limit=1000&frommobile=0&sort=like&objectid=3911993&siteid=1003750&objecttype=1
51,Quán quân thể hình hướng dẫn luyện vòng ba săn chắc,https://vnexpress.net/suc-khoe/quan-quan-the-hinh-huong-dan-luyen-vong-ba-san-chac-3911934.html,3911934,1003750,1,https://usi-saas.vnexpress.net/index/get?callback=okmen&offset=0&limit=1000&frommobile=0&sort=like&objectid=3911934&siteid=1003750&objecttype=1
52,Món ăn giúp tăng cường sinh lý đàn ông,https://vnexpress.net/suc-khoe/mon-an-giup-tang-cuong-sinh-ly-dan-ong-3911274.html,3911274,1003750,1,https://usi-saas.vnexpress.net/index/get?callback=okmen&offset=0&limit=1000&frommobile=0&sort=like&objectid=3911274&siteid=1003750&objecttype=1
53,"Lương Bằng Quang: 'Ở tuổi 37, tôi độc thân vì chưa sẵn sàng làm bố'",https://vnexpress.net/giai-tri/luong-bang-quang-o-tuoi-37-toi-doc-than-vi-chua-san-sang-lam-bo-3912026.html,3912026,1002691,1,https://usi-saas.vnexpress.net/index/get?callback=okmen&offset=0&limit=1000&frommobile=0&sort=like&objectid=3912026&siteid=1002691&objecttype=1
54,Nguyên mẫu nhân vật nhà trừ tà của 'The Conjuring' qua đời,https://vnexpress.net/giai-tri/nguyen-mau-nhan-vat-nha-tru-ta-cua-the-conjuring-qua-doi-3912225.html,3912225,1002691,1,https://usi-saas.vnexpress.net/index/get?callback=okmen&offset=0&limit=1000&frommobile=0&sort=like&objectid=3912225&siteid=1002691&objecttype=1
55,Sao 'Tiếu ngạo giang hồ' TVB lâm bệnh nặng,https://vnexpress.net/giai-tri/sao-tieu-ngao-giang-ho-tvb-lam-benh-nang-3911865.html,3911865,1002691,1,https://usi-saas.vnexpress.net/index/get?callback=okmen&offset=0&limit=1000&frommobile=0&sort=like&objectid=3911865&siteid=1002691&objecttype=1
56,Cánh cửa bí ẩn trong nhà thờ Đức Bà Paris,https://vnexpress.net/du-lich/canh-cua-bi-an-trong-nha-tho-duc-ba-paris-3912029.html,3912029,1003231,1,https://usi-saas.vnexpress.net/index/get?callback=okmen&offset=0&limit=1000&frommobile=0&sort=like&objectid=3912029&siteid=1003231&objecttype=1
57,Những kỳ quan thế giới thu nhỏ phát sáng giữa lòng Sài Gòn,https://vnexpress.net/du-lich/nhung-ky-quan-the-gioi-thu-nho-phat-sang-giua-long-sai-gon-3912208.html,3912208,1003231,1,https://usi-saas.vnexpress.net/index/get?callback=okmen&offset=0&limit=1000&frommobile=0&sort=like&objectid=3912208&siteid=1003231&objecttype=1
58,"Khách ăn chay, hãng bay phục vụ bánh mì kẹp hai lát dưa chuột",https://vnexpress.net/du-lich/khach-an-chay-hang-bay-phuc-vu-banh-mi-kep-hai-lat-dua-chuot-3912116.html,3912116,1003231,1,https://usi-saas.vnexpress.net/index/get?callback=okmen&offset=0&limit=1000&frommobile=0&sort=like&objectid=3912116&siteid=1003231&objecttype=1
59,Những dấu hiệu cho thấy bạn sẽ không bao giờ giàu,https://vnexpress.net/doi-song/nhung-dau-hieu-cho-thay-ban-se-khong-bao-gio-giau-3911362.html,3911362,1002966,1,https://usi-saas.vnexpress.net/index/get?callback=okmen&offset=0&limit=1000&frommobile=0&sort=like&objectid=3911362&siteid=1002966&objecttype=1
60,9 năm xây lâu đài phong cách Hy Lạp của đại gia Nam Định,https://vnexpress.net/doi-song/9-nam-xay-lau-dai-phong-cach-hy-lap-cua-dai-gia-nam-dinh-3912062.html,3912062,1002966,1,https://usi-saas.vnexpress.net/index/get?callback=okmen&offset=0&limit=1000&frommobile=0&sort=like&objectid=3912062&siteid=1002966&objecttype=1
61,Ngôi nhà 6 năm không bán được của tỷ phú Mỹ,https://vnexpress.net/doi-song/ngoi-nha-6-nam-khong-ban-duoc-cua-ty-phu-my-3912203.html,3912203,1002966,1,https://usi-saas.vnexpress.net/index/get?callback=okmen&offset=0&limit=1000&frommobile=0&sort=like&objectid=3912203&siteid=1002966&objecttype=1
62,Thử tài nhận biết các smartphone có tính năng nổi bật,https://vnexpress.net/so-hoa/thu-tai-nhan-biet-cac-smartphone-co-tinh-nang-noi-bat-3912078.html,3912078,1002592,1,https://usi-saas.vnexpress.net/index/get?callback=okmen&offset=0&limit=1000&frommobile=0&sort=like&objectid=3912078&siteid=1002592&objecttype=1
63,iPhone vẫn là smartphone ăn khách nhất tại Mỹ,https://vnexpress.net/so-hoa/iphone-van-la-smartphone-an-khach-nhat-tai-my-3912159.html,3912159,1002592,1,https://usi-saas.vnexpress.net/index/get?callback=okmen&offset=0&limit=1000&frommobile=0&sort=like&objectid=3912159&siteid=1002592&objecttype=1
64,Samsung sắp ra Galaxy A10e giá 100 USD,https://vnexpress.net/so-hoa/samsung-sap-ra-galaxy-a10e-gia-100-usd-3912059.html,3912059,1002592,1,https://usi-saas.vnexpress.net/index/get?callback=okmen&offset=0&limit=1000&frommobile=0&sort=like&objectid=3912059&siteid=1002592&objecttype=1
65,'Option' xe VinFast có giá ngang các hãng phổ thông,https://vnexpress.net/oto-xe-may/option-xe-vinfast-co-gia-ngang-cac-hang-pho-thong-3912232.html,3912232,1000000,1,https://usi-saas.vnexpress.net/index/get?callback=okmen&offset=0&limit=1000&frommobile=0&sort=like&objectid=3912232&siteid=1000000&objecttype=1
66,Tài xế hất nhân viên trạm thu phí lên nắp ca-pô chạy 6 km,https://vnexpress.net/oto-xe-may/tai-xe-hat-nhan-vien-tram-thu-phi-len-nap-ca-po-chay-6-km-3912098.html,3912098,1000000,1,https://usi-saas.vnexpress.net/index/get?callback=okmen&offset=0&limit=1000&frommobile=0&sort=like&objectid=3912098&siteid=1000000&objecttype=1
67,GLS thế hệ mới - xe SUV sang nhất của Mercedes ra mắt,https://vnexpress.net/oto-xe-may/gls-the-he-moi-xe-suv-sang-nhat-cua-mercedes-ra-mat-3912180.html,3912180,1000000,1,https://usi-saas.vnexpress.net/index/get?callback=okmen&offset=0&limit=1000&frommobile=0&sort=like&objectid=3912180&siteid=1000000&objecttype=1
68,"Sự nghiệp hủy hoại vì ảnh nhạy cảm, cô giáo Mỹ đấu tranh đòi công bằng",https://vnexpress.net/giao-duc/su-nghiep-huy-hoai-vi-anh-nhay-cam-co-giao-my-dau-tranh-doi-cong-bang-3912277.html,3912277,1000000,1,https://usi-saas.vnexpress.net/index/get?callback=okmen&offset=0&limit=1000&frommobile=0&sort=like&objectid=3912277&siteid=1000000&objecttype=1
69,Sinh viên Hà Nội tiếp cận 10.000 vị trí việc làm,https://vnexpress.net/giao-duc/sinh-vien-ha-noi-tiep-can-10-000-vi-tri-viec-lam-3912272.html,3912272,1000000,1,https://usi-saas.vnexpress.net/index/get?callback=okmen&offset=0&limit=1000&frommobile=0&sort=like&objectid=3912272&siteid=1000000&objecttype=1
70,Hà Giang bổ nhiệm Phó giám đốc Sở Giáo dục và Đào tạo sau bê bối thi cử,https://vnexpress.net/giao-duc/ha-giang-bo-nhiem-pho-giam-doc-so-giao-duc-va-dao-tao-sau-be-boi-thi-cu-3912238.html,3912238,1000000,1,https://usi-saas.vnexpress.net/index/get?callback=okmen&offset=0&limit=1000&frommobile=0&sort=like&objectid=3912238&siteid=1000000&objecttype=1
71,Trung Quốc sản xuất tàu chống bom và cháy nổ cho Isreal,https://vnexpress.net/khoa-hoc/trung-quoc-san-xuat-tau-chong-bom-va-chay-no-cho-isreal-3912242.html,3912242,1000000,1,https://usi-saas.vnexpress.net/index/get?callback=okmen&offset=0&limit=1000&frommobile=0&sort=like&objectid=3912242&siteid=1000000&objecttype=1
72,Điều gì tồn tại trước vụ nổ Big Bang?,https://vnexpress.net/khoa-hoc/dieu-gi-ton-tai-truoc-vu-no-big-bang-3912262.html,3912262,1000000,1,https://usi-saas.vnexpress.net/index/get?callback=okmen&offset=0&limit=1000&frommobile=0&sort=like&objectid=3912262&siteid=1000000&objecttype=1
73,Phát hiện ngôi mộ từ vương triều thứ 18 của Ai Cập cổ đại,https://vnexpress.net/khoa-hoc/phat-hien-ngoi-mo-tu-vuong-trieu-thu-18-cua-ai-cap-co-dai-3912142.html,3912142,1000000,1,https://usi-saas.vnexpress.net/index/get?callback=okmen&offset=0&limit=1000&frommobile=0&sort=like&objectid=3912142&siteid=1000000&objecttype=1
74,Bạn trai nói nếu yêu thật lòng tôi đã cho anh quan hệ,https://vnexpress.net/tam-su/ban-trai-noi-neu-yeu-that-long-toi-da-cho-anh-quan-he-3910599.html,3910599,1000000,1,https://usi-saas.vnexpress.net/index/get?callback=okmen&offset=0&limit=1000&frommobile=0&sort=like&objectid=3910599&siteid=1000000&objecttype=1
75,Muốn làm mẹ đơn thân nhưng tôi lại sợ bị đàm tiếu,https://vnexpress.net/tam-su/muon-lam-me-don-than-nhung-toi-lai-so-bi-dam-tieu-3912131.html,3912131,1000000,1,https://usi-saas.vnexpress.net/index/get?callback=okmen&offset=0&limit=1000&frommobile=0&sort=like&objectid=3912131&siteid=1000000&objecttype=1
76,Tôi làm hay hỏi gì chồng cũng chỉ nhếch mép im lặng,https://vnexpress.net/tam-su/toi-lam-hay-hoi-gi-chong-cung-chi-nhech-mep-im-lang-3912130.html,3912130,1000000,1,https://usi-saas.vnexpress.net/index/get?callback=okmen&offset=0&limit=1000&frommobile=0&sort=like&objectid=3912130&siteid=1000000&objecttype=1
77,Cô gái trả giá vì giả cụt tay nhờ bạn buộc giày,https://vnexpress.net/cuoi/co-gai-tra-gia-vi-gia-cut-tay-nho-ban-buoc-giay-3911261.html,3911261,1000000,1,https://usi-saas.vnexpress.net/index/get?callback=okmen&offset=0&limit=1000&frommobile=0&sort=like&objectid=3911261&siteid=1000000&objecttype=1
78,Cún cưng tủi thân nằm thẫn thờ vì bị cậu bé chiếm nhà,https://vnexpress.net/cuoi/cun-cung-tui-than-nam-than-tho-vi-bi-cau-be-chiem-nha-3911700.html,3911700,1000000,1,https://usi-saas.vnexpress.net/index/get?callback=okmen&offset=0&limit=1000&frommobile=0&sort=like&objectid=3911700&siteid=1000000&objecttype=1
79,Bố cho con gái chơi tàu lượn siêu tốc bằng rổ trong nhà,https://vnexpress.net/cuoi/bo-cho-con-gai-choi-tau-luon-sieu-toc-bang-ro-trong-nha-3910707.html,3910707,1000000,1,https://usi-saas.vnexpress.net/index/get?callback=okmen&offset=0&limit=1000&frommobile=0&sort=like&objectid=3910707&siteid=1000000&objecttype=1
80,"Hơn 1,1 tấn ma tuý đá bị bắt ở Sài Gòn",https://vnexpress.net/phap-luat/hon-1-1-tan-ma-tuy-da-bi-bat-o-sai-gon-3912097.html,3912097,1000000,1,https://usi-saas.vnexpress.net/index/get?callback=okmen&offset=0&limit=1000&frommobile=0&sort=like&objectid=3912097&siteid=1000000&objecttype=1
81,9 năm xây lâu đài phong cách Hy Lạp của đại gia Nam Định,https://vnexpress.net/doi-song/9-nam-xay-lau-dai-phong-cach-hy-lap-cua-dai-gia-nam-dinh-3912062.html,3912062,1002966,1,https://usi-saas.vnexpress.net/index/get?callback=okmen&offset=0&limit=1000&frommobile=0&sort=like&objectid=3912062&siteid=1002966&objecttype=1
82,Bộ Công an giải thích việc điều tra bé gái bị xâm hại,https://vnexpress.net/phap-luat/bo-cong-an-giai-thich-viec-dieu-tra-be-gai-bi-xam-hai-3911810.html,3911810,1000000,1,https://usi-saas.vnexpress.net/index/get?callback=okmen&offset=0&limit=1000&frommobile=0&sort=like&objectid=3911810&siteid=1000000&objecttype=1
83,Chuyên gia: Tượng 'Người đàn ông cúi đầu' không hợp để bên sông Hương,https://vnexpress.net/thoi-su/chuyen-gia-tuong-nguoi-dan-ong-cui-dau-khong-hop-de-ben-song-huong-3911414.html,3911414,1000000,1,https://usi-saas.vnexpress.net/index/get?callback=okmen&offset=0&limit=1000&frommobile=0&sort=like&objectid=3911414&siteid=1000000&objecttype=1
84,Cựu tổng giám đốc Vinaca lĩnh 22 năm tù vì sản xuất thuốc giả,https://vnexpress.net/phap-luat/cuu-tong-giam-doc-vinaca-linh-22-nam-tu-vi-san-xuat-thuoc-gia-3911523.html,3911523,1000000,1,https://usi-saas.vnexpress.net/index/get?callback=okmen&offset=0&limit=1000&frommobile=0&sort=like&objectid=3911523&siteid=1000000&objecttype=1
85,Camera ghi hình hai người cầm súng bắn nam thanh niên,https://vnexpress.net/phap-luat/camera-ghi-hinh-hai-nguoi-cam-sung-ban-nam-thanh-nien-3911606.html,3911606,1000000,1,https://usi-saas.vnexpress.net/index/get?callback=okmen&offset=0&limit=1000&frommobile=0&sort=like&objectid=3911606&siteid=1000000&objecttype=1
0,Linh cữu nguyên Chủ tịch nước Lê Đức Anh được đưa vào TP HCM,https://vnexpress.net/thoi-su/linh-cuu-nguyen-chu-tich-nuoc-le-duc-anh-duoc-dua-vao-tp-hcm-3917744.html,3917744,1000000,5,https://usi-saas.vnexpress.net/index/get?callback=okmen&offset=0&limit=1000&frommobile=0&sort=like&objectid=3917744&siteid=1000000&objecttype=5
1,"Loạn đả trong quán karaoke, khách bắn hai nhân viên phục vụ",https://vnexpress.net/phap-luat/loan-da-trong-quan-karaoke-khach-ban-hai-nhan-vien-phuc-vu-3917894.html,3917894,1000000,1,https://usi-saas.vnexpress.net/index/get?callback=okmen&offset=0&limit=1000&frommobile=0&sort=like&objectid=3917894&siteid=1000000&objecttype=1
2,100 cảnh sát Đà Nẵng đột kích quán bar tại Đà Nẵng,https://vnexpress.net/phap-luat/100-canh-sat-da-nang-dot-kich-quan-bar-tai-da-nang-3917919.html,3917919,1000000,1,https://usi-saas.vnexpress.net/index/get?callback=okmen&offset=0&limit=1000&frommobile=0&sort=like&objectid=3917919&siteid=1000000&objecttype=1
3,'Bảo vật quốc gia' Việt Nam hỏng 30% do vệ sinh không đúng cách,https://vnexpress.net/giai-tri/bao-vat-quoc-gia-vie-t-nam-ho-ng-30-do-ve-sinh-khong-du-ng-ca-ch-3917966.html,3917966,1002691,1,https://usi-saas.vnexpress.net/index/get?callback=okmen&offset=0&limit=1000&frommobile=0&sort=like&objectid=3917966&siteid=1002691&objecttype=1
4,Hành trình từ tiếp viên hàng không tới Hoàng hậu của nữ tướng Thái Lan,https://vnexpress.net/the-gioi/hanh-trinh-tu-tiep-vien-hang-khong-toi-hoang-hau-cua-nu-tuong-thai-lan-3917769.html,3917769,1000000,1,https://usi-saas.vnexpress.net/index/get?callback=okmen&offset=0&limit=1000&frommobile=0&sort=like&objectid=3917769&siteid=1000000&objecttype=1
5,Đâm chết hai bạn nhậu trong hỗn chiến ở quán bia,https://vnexpress.net/phap-luat/dam-chet-hai-ban-nhau-trong-hon-chien-o-quan-bia-3917875.html,3917875,1000000,1,https://usi-saas.vnexpress.net/index/get?callback=okmen&offset=0&limit=1000&frommobile=0&sort=like&objectid=3917875&siteid=1000000&objecttype=1
6,Lý do Việt Nam có nhiều cảnh đẹp nhưng không hút khách bằng Singapore,https://vnexpress.net/du-lich/ly-do-viet-nam-co-nhieu-canh-dep-nhung-khong-hut-khach-bang-singapore-3917826.html,3917826,1003231,1,https://usi-saas.vnexpress.net/index/get?callback=okmen&offset=0&limit=1000&frommobile=0&sort=like&objectid=3917826&siteid=1003231&objecttype=1
7,32 đội thi sắp tranh tài tại chung kết cuộc thi Robocon 2019,https://vnexpress.net/khoa-hoc/32-doi-thi-sap-tranh-tai-tai-chung-ket-cuoc-thi-robocon-2019-3917847.html,3917847,1000000,1,https://usi-saas.vnexpress.net/index/get?callback=okmen&offset=0&limit=1000&frommobile=0&sort=like&objectid=3917847&siteid=1000000&objecttype=1
8,Park Yoo Chun từng bị bạn gái cũ uy hiếp bằng ảnh chụp lén,https://vnexpress.net/giai-tri/park-yoo-chun-tung-bi-ban-gai-cu-uy-hiep-bang-anh-chup-len-3917986.html,3917986,1002691,1,https://usi-saas.vnexpress.net/index/get?callback=okmen&offset=0&limit=1000&frommobile=0&sort=like&objectid=3917986&siteid=1002691&objecttype=1
9,Porsche Panamera mới lộ diện trên đường thử,https://vnexpress.net/oto-xe-may/porsche-panamera-moi-lo-dien-tren-duong-thu-3917900.html,3917900,1000000,1,https://usi-saas.vnexpress.net/index/get?callback=okmen&offset=0&limit=1000&frommobile=0&sort=like&objectid=3917900&siteid=1000000&objecttype=1
10,"5 học sinh tiểu học bị chém giữa sân trường, một em tử vong",https://vnexpress.net/phap-luat/5-hoc-sinh-tieu-hoc-bi-chem-giua-san-truong-mot-em-tu-vong-3917927.html,3917927,1000000,1,https://usi-saas.vnexpress.net/index/get?callback=okmen&offset=0&limit=1000&frommobile=0&sort=like&objectid=3917927&siteid=1000000&objecttype=1
11,Gia đình ở Sài Gòn giấu hết dao trước khi 3 người bị sát hại,https://vnexpress.net/phap-luat/gia-dinh-o-sai-gon-giau-het-dao-truoc-khi-3-nguoi-bi-sat-hai-3917931.html,3917931,1000000,1,https://usi-saas.vnexpress.net/index/get?callback=okmen&offset=0&limit=1000&frommobile=0&sort=like&objectid=3917931&siteid=1000000&objecttype=1
12,Đoàn Thị Hương được trả tự do,https://vnexpress.net/the-gioi/doan-thi-huong-duoc-tra-tu-do-3917748.html,3917748,1000000,1,https://usi-saas.vnexpress.net/index/get?callback=okmen&offset=0&limit=1000&frommobile=0&sort=like&objectid=3917748&siteid=1000000&objecttype=1
13,Arsenal thắng cách biệt hai bàn ở lượt đi bán kết Europa League,https://vnexpress.net/bong-da/arsenal-thang-cach-biet-hai-ban-o-luot-di-ban-ket-europa-league-3917743.html,3917743,1002565,1,https://usi-saas.vnexpress.net/index/get?callback=okmen&offset=0&limit=1000&frommobile=0&sort=like&objectid=3917743&siteid=1002565&objecttype=1
14,Hai năm hỗ trợ pháp lý qua 23 phiên xét xử Đoàn Thị Hương,https://vnexpress.net/phap-luat/hai-nam-ho-tro-phap-ly-qua-23-phien-xet-xu-doan-thi-huong-3917724.html,3917724,1000000,1,https://usi-saas.vnexpress.net/index/get?callback=okmen&offset=0&limit=1000&frommobile=0&sort=like&objectid=3917724&siteid=1000000&objecttype=1
15,Cuộc đời gắn bó với binh nghiệp của Vua Thái Lan,https://vnexpress.net/the-gioi/cuoc-doi-gan-bo-voi-binh-nghiep-cua-vua-thai-lan-3913115.html,3913115,1000000,1,https://usi-saas.vnexpress.net/index/get?callback=okmen&offset=0&limit=1000&frommobile=0&sort=like&objectid=3913115&siteid=1000000&objecttype=1
16,Thiếu nữ Huế diễu hành với nón lá gắn đèn LED gây tranh cãi,https://vnexpress.net/giai-tri/thieu-nu-hue-dieu-hanh-voi-non-la-gan-den-led-gay-tranh-cai-3917741.html,3917741,1002691,1,https://usi-saas.vnexpress.net/index/get?callback=okmen&offset=0&limit=1000&frommobile=0&sort=like&objectid=3917741&siteid=1002691&objecttype=1
17,"Vietjet đề xuất xây sân bay, Vingroup muốn hút người tài về nước",https://vnexpress.net/kinh-doanh/vietjet-de-xuat-xay-san-bay-vingroup-muon-hut-nguoi-tai-ve-nuoc-3917729.html,3917729,1003159,1,https://usi-saas.vnexpress.net/index/get?callback=okmen&offset=0&limit=1000&frommobile=0&sort=like&objectid=3917729&siteid=1003159&objecttype=1
18,Cuộc đảo chính 'chết yểu' của phe đối lập Venezuela,https://vnexpress.net/the-gioi/cuoc-dao-chinh-chet-yeu-cua-phe-doi-lap-venezuela-3917239.html,3917239,1000000,1,https://usi-saas.vnexpress.net/index/get?callback=okmen&offset=0&limit=1000&frommobile=0&sort=like&objectid=3917239&siteid=1000000&objecttype=1
19,Tranh cãi về việc miễn visa để thu hút thêm khách du lịch nhà giàu,https://vnexpress.net/du-lich/tranh-cai-ve-viec-mien-visa-de-thu-hut-them-khach-du-lich-nha-giau-3917710.html,3917710,1003231,1,https://usi-saas.vnexpress.net/index/get?callback=okmen&offset=0&limit=1000&frommobile=0&sort=like&objectid=3917710&siteid=1003231&objecttype=1
20,Dàn vũ khí giúp Venezuela đối phó nguy cơ Mỹ can thiệp quân sự,https://vnexpress.net/the-gioi/dan-vu-khi-giup-venezuela-doi-pho-nguy-co-my-can-thiep-quan-su-3917535.html,3917535,1000000,1,https://usi-saas.vnexpress.net/index/get?callback=okmen&offset=0&limit=1000&frommobile=0&sort=like&objectid=3917535&siteid=1000000&objecttype=1
21,Quả bom gần 3 tạ dưới ao cá,https://vnexpress.net/thoi-su/qua-bom-gan-3-ta-duoi-ao-ca-3917720.html,3917720,1000000,1,https://usi-saas.vnexpress.net/index/get?callback=okmen&offset=0&limit=1000&frommobile=0&sort=like&objectid=3917720&siteid=1000000&objecttype=1
22,"Đồng Nai mưa lớn, xe chết máy la liệt trên đường ngập",https://vnexpress.net/thoi-su/dong-nai-mua-lon-xe-chet-may-la-liet-tren-duong-ngap-3917711.html,3917711,1000000,1,https://usi-saas.vnexpress.net/index/get?callback=okmen&offset=0&limit=1000&frommobile=0&sort=like&objectid=3917711&siteid=1000000&objecttype=1
23,Bộ Giao thông Vận tải nghiên cứu tăng mức phạt lái xe uống rượu,https://vnexpress.net/thoi-su/bo-giao-thong-van-tai-nghien-cuu-tang-muc-phat-lai-xe-uong-ruou-3917699.html,3917699,1000000,1,https://usi-saas.vnexpress.net/index/get?callback=okmen&offset=0&limit=1000&frommobile=0&sort=like&objectid=3917699&siteid=1000000&objecttype=1
24,Hành trình từ tiếp viên hàng không tới Hoàng hậu của nữ tướng Thái Lan,https://vnexpress.net/the-gioi/hanh-trinh-tu-tiep-vien-hang-khong-toi-hoang-hau-cua-nu-tuong-thai-lan-3917769.html,3917769,1000000,1,https://usi-saas.vnexpress.net/index/get?callback=okmen&offset=0&limit=1000&frommobile=0&sort=like&objectid=3917769&siteid=1000000&objecttype=1
25,Bốn cuộc hôn nhân của Quốc vương Thái Lan,https://vnexpress.net/the-gioi/bon-cuoc-hon-nhan-cua-quoc-vuong-thai-lan-3917368.html,3917368,1000000,1,https://usi-saas.vnexpress.net/index/get?callback=okmen&offset=0&limit=1000&frommobile=0&sort=like&objectid=3917368&siteid=1000000&objecttype=1
26,Dàn tiêm kích F-35B Mỹ khoe sức mạnh trong diễn tập 'Voi đi bộ',https://vnexpress.net/the-gioi/dan-tiem-kich-f-35b-my-khoe-suc-manh-trong-dien-tap-voi-di-bo-3917851.html,3917851,1000000,1,https://usi-saas.vnexpress.net/index/get?callback=okmen&offset=0&limit=1000&frommobile=0&sort=like&objectid=3917851&siteid=1000000&objecttype=1
27,"Loạn đả trong quán karaoke, khách bắn hai nhân viên phục vụ",https://vnexpress.net/phap-luat/loan-da-trong-quan-karaoke-khach-ban-hai-nhan-vien-phuc-vu-3917894.html,3917894,1000000,1,https://usi-saas.vnexpress.net/index/get?callback=okmen&offset=0&limit=1000&frommobile=0&sort=like&objectid=3917894&siteid=1000000&objecttype=1
28,100 cảnh sát Đà Nẵng đột kích quán bar tại Đà Nẵng,https://vnexpress.net/phap-luat/100-canh-sat-da-nang-dot-kich-quan-bar-tai-da-nang-3917919.html,3917919,1000000,1,https://usi-saas.vnexpress.net/index/get?callback=okmen&offset=0&limit=1000&frommobile=0&sort=like&objectid=3917919&siteid=1000000&objecttype=1
29,"5 học sinh tiểu học bị chém giữa sân trường, một em tử vong",https://vnexpress.net/phap-luat/5-hoc-sinh-tieu-hoc-bi-chem-giua-san-truong-mot-em-tu-vong-3917927.html,3917927,1000000,1,https://usi-saas.vnexpress.net/index/get?callback=okmen&offset=0&limit=1000&frommobile=0&sort=like&objectid=3917927&siteid=1000000&objecttype=1
30,"'Đề xuất bắt đầu vào làm từ 8h30, nghỉ trưa 60 phút khác nào đánh đố'",https://vnexpress.net/y-kien/de-xuat-bat-dau-vao-lam-tu-8h30-nghi-trua-60-phut-khac-nao-danh-do-3917838.html,3917838,1000000,1,https://usi-saas.vnexpress.net/index/get?callback=okmen&offset=0&limit=1000&frommobile=0&sort=like&objectid=3917838&siteid=1000000&objecttype=1
31,Hóa đơn tiền điện 66 triệu đồng và 'hành trình' tìm lời giải của tôi,https://vnexpress.net/y-kien/hoa-don-tien-dien-66-trieu-dong-va-hanh-trinh-tim-loi-giai-cua-toi-3917347.html,3917347,1000000,1,https://usi-saas.vnexpress.net/index/get?callback=okmen&offset=0&limit=1000&frommobile=0&sort=like&objectid=3917347&siteid=1000000&objecttype=1
32,"Cha mẹ ở quê thêm một ngày nghỉ lễ, con cái khổ gấp mười",https://vnexpress.net/y-kien/cha-me-o-que-them-mot-ngay-nghi-le-con-cai-kho-gap-muoi-3917479.html,3917479,1000000,1,https://usi-saas.vnexpress.net/index/get?callback=okmen&offset=0&limit=1000&frommobile=0&sort=like&objectid=3917479&siteid=1000000&objecttype=1
33,"Nhà ống Sài Gòn thừa nắng, thừa gió",https://vnexpress.net/doi-song/nha-ong-sai-gon-thua-nang-thua-gio-3917630.html,3917630,1002966,1,https://usi-saas.vnexpress.net/index/get?callback=okmen&offset=0&limit=1000&frommobile=0&sort=like&objectid=3917630&siteid=1002966&objecttype=1
34,Ghềnh đá đĩa khổng lồ có hình dạng giống con voi ở Iceland,https://vnexpress.net/du-lich/ghenh-da-dia-khong-lo-co-hinh-dang-giong-con-voi-o-iceland-3913464.html,3913464,1003231,1,https://usi-saas.vnexpress.net/index/get?callback=okmen&offset=0&limit=1000&frommobile=0&sort=like&objectid=3913464&siteid=1003231&objecttype=1
35,Biển Quy Nhơn trải dài mênh mông nhìn từ trên cao,https://vnexpress.net/du-lich/bien-quy-nhon-trai-dai-menh-mong-nhin-tu-tren-cao-3910066.html,3910066,1003231,1,https://usi-saas.vnexpress.net/index/get?callback=okmen&offset=0&limit=1000&frommobile=0&sort=like&objectid=3910066&siteid=1003231&objecttype=1
36,600 bàn của Messi cho Barca đến như thế nào,https://vnexpress.net/infographics/600-ban-cua-messi-cho-barca-den-nhu-the-nao-3917617.html,3917617,1002565,4,https://usi-saas.vnexpress.net/index/get?callback=okmen&offset=0&limit=1000&frommobile=0&sort=like&objectid=3917617&siteid=1002565&objecttype=4
37,Bộ ba smartphone tầm giá 7 triệu đồng đọ sức,https://vnexpress.net/infographics/bo-ba-smartphone-tam-gia-7-trieu-dong-do-suc-3916633.html,3916633,1002592,4,https://usi-saas.vnexpress.net/index/get?callback=okmen&offset=0&limit=1000&frommobile=0&sort=like&objectid=3916633&siteid=1002592&objecttype=4
38,,https://vnexpress.net/goc-nhin/con-buon-va-con-cung-3917203.html,3917203,1000000,1,https://usi-saas.vnexpress.net/index/get?callback=okmen&offset=0&limit=1000&frommobile=0&sort=like&objectid=3917203&siteid=1000000&objecttype=1
39,,https://vnexpress.net/goc-nhin/vang-loi-la-ngoan-3916952.html,3916952,1000000,1,https://usi-saas.vnexpress.net/index/get?callback=okmen&offset=0&limit=1000&frommobile=0&sort=like&objectid=3916952&siteid=1000000&objecttype=1
40,Allegri: 'Ronaldo sẽ bùng nổ sau khi Messi ghi bàn thứ 600',https://vnexpress.net/bong-da/allegri-ronaldo-se-bung-no-sau-khi-messi-ghi-ban-thu-600-3917811.html,3917811,1002565,1,https://usi-saas.vnexpress.net/index/get?callback=okmen&offset=0&limit=1000&frommobile=0&sort=like&objectid=3917811&siteid=1002565&objecttype=1
41,Van Dijk: 'Thật dễ chịu khi không phải gặp Messi mỗi mùa',https://vnexpress.net/bong-da/van-dijk-that-de-chiu-khi-khong-phai-gap-messi-moi-mua-3917749.html,3917749,1002565,1,https://usi-saas.vnexpress.net/index/get?callback=okmen&offset=0&limit=1000&frommobile=0&sort=like&objectid=3917749&siteid=1002565&objecttype=1
42,Chelsea giành lợi thế sau lượt đi bán kết Europa League,https://vnexpress.net/bong-da/chelsea-gianh-loi-the-sau-luot-di-ban-ket-europa-league-3917745.html,3917745,1002565,1,https://usi-saas.vnexpress.net/index/get?callback=okmen&offset=0&limit=1000&frommobile=0&sort=like&objectid=3917745&siteid=1002565&objecttype=1
43,4 triệu đồng một con rùa răng bán vỉa hè Sài Gòn,https://vnexpress.net/kinh-doanh/4-trieu-dong-mot-con-rua-rang-ban-via-he-sai-gon-3917774.html,3917774,1003159,1,https://usi-saas.vnexpress.net/index/get?callback=okmen&offset=0&limit=1000&frommobile=0&sort=like&objectid=3917774&siteid=1003159&objecttype=1
44,Đất nền được tìm kiếm nhiều nhất chợ địa ốc trực tuyến,https://vnexpress.net/kinh-doanh/dat-nen-duoc-tim-kiem-nhieu-nhat-cho-dia-oc-truc-tuyen-3917695.html,3917695,1003159,1,https://usi-saas.vnexpress.net/index/get?callback=okmen&offset=0&limit=1000&frommobile=0&sort=like&objectid=3917695&siteid=1003159&objecttype=1
45,Ông bố hiến nhầm xác con cho tổ chức buôn bán thi thể,https://vnexpress.net/suc-khoe/ong-bo-hien-nham-xac-con-cho-to-chuc-buon-ban-thi-the-3917843.html,3917843,1003750,1,https://usi-saas.vnexpress.net/index/get?callback=okmen&offset=0&limit=1000&frommobile=0&sort=like&objectid=3917843&siteid=1003750&objecttype=1
46,Uống nước như thế nào tốt cho sức khỏe?,https://vnexpress.net/suc-khoe/uong-nuoc-nhu-the-nao-tot-cho-suc-khoe-3917520.html,3917520,1003750,1,https://usi-saas.vnexpress.net/index/get?callback=okmen&offset=0&limit=1000&frommobile=0&sort=like&objectid=3917520&siteid=1003750&objecttype=1
47,"Ung thư tụy khó phát hiện sớm, dễ tử vong",https://vnexpress.net/suc-khoe/ung-thu-tuy-kho-phat-hien-som-de-tu-vong-3917403.html,3917403,1003750,1,https://usi-saas.vnexpress.net/index/get?callback=okmen&offset=0&limit=1000&frommobile=0&sort=like&objectid=3917403&siteid=1003750&objecttype=1
48,'Bảo vật quốc gia' Việt Nam hỏng 30% do vệ sinh không đúng cách,https://vnexpress.net/giai-tri/bao-vat-quoc-gia-vie-t-nam-ho-ng-30-do-ve-sinh-khong-du-ng-ca-ch-3917966.html,3917966,1002691,1,https://usi-saas.vnexpress.net/index/get?callback=okmen&offset=0&limit=1000&frommobile=0&sort=like&objectid=3917966&siteid=1002691&objecttype=1
49,Nhan sắc của 'Người phụ nữ đẹp nhất thế giới' qua hai thập niên,https://vnexpress.net/giai-tri/nhan-sac-cua-nguoi-phu-nu-dep-nhat-the-gioi-qua-hai-thap-nien-3915311.html,3915311,1002691,1,https://usi-saas.vnexpress.net/index/get?callback=okmen&offset=0&limit=1000&frommobile=0&sort=like&objectid=3915311&siteid=1002691&objecttype=1
50,Park Yoo Chun từng bị bạn gái cũ uy hiếp bằng ảnh chụp lén,https://vnexpress.net/giai-tri/park-yoo-chun-tung-bi-ban-gai-cu-uy-hiep-bang-anh-chup-len-3917986.html,3917986,1002691,1,https://usi-saas.vnexpress.net/index/get?callback=okmen&offset=0&limit=1000&frommobile=0&sort=like&objectid=3917986&siteid=1002691&objecttype=1
51,Lý do Việt Nam có nhiều cảnh đẹp nhưng không hút khách bằng Singapore,https://vnexpress.net/du-lich/ly-do-viet-nam-co-nhieu-canh-dep-nhung-khong-hut-khach-bang-singapore-3917826.html,3917826,1003231,1,https://usi-saas.vnexpress.net/index/get?callback=okmen&offset=0&limit=1000&frommobile=0&sort=like&objectid=3917826&siteid=1003231&objecttype=1
52,Hành khách tức giận vì chỗ ngồi VIP trên máy bay quá bẩn,https://vnexpress.net/du-lich/hanh-khach-tuc-gian-vi-cho-ngoi-vip-tren-may-bay-qua-ban-3917548.html,3917548,1003231,1,https://usi-saas.vnexpress.net/index/get?callback=okmen&offset=0&limit=1000&frommobile=0&sort=like&objectid=3917548&siteid=1003231&objecttype=1
53,5 tuyến tham quan miền Tây hút khách trong mùa hè này,https://vnexpress.net/du-lich/5-tuyen-tham-quan-mien-tay-hut-khach-trong-mua-he-nay-3906746.html,3906746,1003231,1,https://usi-saas.vnexpress.net/index/get?callback=okmen&offset=0&limit=1000&frommobile=0&sort=like&objectid=3906746&siteid=1003231&objecttype=1
54,Mẹ ôm hai con tự tử vì mâu thuẫn với bố mẹ chồng,https://vnexpress.net/doi-song/me-om-hai-con-tu-tu-vi-mau-thuan-voi-bo-me-chong-3917948.html,3917948,1002966,1,https://usi-saas.vnexpress.net/index/get?callback=okmen&offset=0&limit=1000&frommobile=0&sort=like&objectid=3917948&siteid=1002966&objecttype=1
55,"Nhà ống Sài Gòn thừa nắng, thừa gió",https://vnexpress.net/doi-song/nha-ong-sai-gon-thua-nang-thua-gio-3917630.html,3917630,1002966,1,https://usi-saas.vnexpress.net/index/get?callback=okmen&offset=0&limit=1000&frommobile=0&sort=like&objectid=3917630&siteid=1002966&objecttype=1
56,Tỷ phú Warren Buffett mang bao nhiêu tiền mặt trong ví?,https://vnexpress.net/doi-song/ty-phu-warren-buffett-mang-bao-nhieu-tien-mat-trong-vi-3917668.html,3917668,1002966,1,https://usi-saas.vnexpress.net/index/get?callback=okmen&offset=0&limit=1000&frommobile=0&sort=like&objectid=3917668&siteid=1002966&objecttype=1
57,5 smartphone 'khổng lồ' giá rẻ,https://vnexpress.net/so-hoa/5-smartphone-khong-lo-gia-re-3917879.html,3917879,1002592,1,https://usi-saas.vnexpress.net/index/get?callback=okmen&offset=0&limit=1000&frommobile=0&sort=like&objectid=3917879&siteid=1002592&objecttype=1
58,Trợ lý ảo Google Assistant hỗ trợ tiếng Việt,https://vnexpress.net/so-hoa/tro-ly-ao-google-assistant-ho-tro-tieng-viet-3917727.html,3917727,1002592,1,https://usi-saas.vnexpress.net/index/get?callback=okmen&offset=0&limit=1000&frommobile=0&sort=like&objectid=3917727&siteid=1002592&objecttype=1
59,Apple Watch bán chạy gấp ba lần smartwatch của Samsung,https://vnexpress.net/so-hoa/apple-watch-ban-chay-gap-ba-lan-smartwatch-cua-samsung-3917883.html,3917883,1002592,1,https://usi-saas.vnexpress.net/index/get?callback=okmen&offset=0&limit=1000&frommobile=0&sort=like&objectid=3917883&siteid=1002592&objecttype=1
60,Ford Everest Bi-Turbo - SUV gia đình nhiều công nghệ tại Việt Nam,https://vnexpress.net/oto-xe-may/ford-everest-bi-turbo-suv-gia-dinh-nhieu-cong-nghe-tai-viet-nam-3917624.html,3917624,1000000,1,https://usi-saas.vnexpress.net/index/get?callback=okmen&offset=0&limit=1000&frommobile=0&sort=like&objectid=3917624&siteid=1000000&objecttype=1
61,Zotye T600 - xe Trung Quốc bán tại Mỹ từ cuối 2020,https://vnexpress.net/oto-xe-may/zotye-t600-xe-trung-quoc-ban-tai-my-tu-cuoi-2020-3917808.html,3917808,1000000,1,https://usi-saas.vnexpress.net/index/get?callback=okmen&offset=0&limit=1000&frommobile=0&sort=like&objectid=3917808&siteid=1000000&objecttype=1
62,Người phụ nữ dừng xe máy nghe điện thoại trước đầu ôtô,https://vnexpress.net/oto-xe-may/nguoi-phu-nu-dung-xe-may-nghe-dien-thoai-truoc-dau-oto-3917614.html,3917614,1000000,1,https://usi-saas.vnexpress.net/index/get?callback=okmen&offset=0&limit=1000&frommobile=0&sort=like&objectid=3917614&siteid=1000000&objecttype=1
63,Bà mẹ tám con tốt nghiệp đại học Mỹ,https://vnexpress.net/giao-duc/ba-me-tam-con-tot-nghiep-dai-hoc-my-3917739.html,3917739,1000000,1,https://usi-saas.vnexpress.net/index/get?callback=okmen&offset=0&limit=1000&frommobile=0&sort=like&objectid=3917739&siteid=1000000&objecttype=1
64,"Từ vựng chỉ quốc gia, quốc tịch và ngôn ngữ",https://vnexpress.net/giao-duc/tu-vung-chi-quoc-gia-quoc-tich-va-ngon-ngu-3917622.html,3917622,1000000,3,https://usi-saas.vnexpress.net/index/get?callback=okmen&offset=0&limit=1000&frommobile=0&sort=like&objectid=3917622&siteid=1000000&objecttype=3
65,32 đội thi sắp tranh tài tại chung kết cuộc thi Robocon 2019,https://vnexpress.net/khoa-hoc/32-doi-thi-sap-tranh-tai-tai-chung-ket-cuoc-thi-robocon-2019-3917847.html,3917847,1000000,1,https://usi-saas.vnexpress.net/index/get?callback=okmen&offset=0&limit=1000&frommobile=0&sort=like&objectid=3917847&siteid=1000000&objecttype=1
66,Lính cứu hỏa Thái Lan hướng dẫn bắt rắn hổ mang bằng tay không,https://vnexpress.net/khoa-hoc/linh-cuu-hoa-thai-lan-huong-dan-bat-ran-ho-mang-bang-tay-khong-3917765.html,3917765,1000000,1,https://usi-saas.vnexpress.net/index/get?callback=okmen&offset=0&limit=1000&frommobile=0&sort=like&objectid=3917765&siteid=1000000&objecttype=1
67,Olympus Mons - núi lửa lớn nhất hệ Mặt Trời,https://vnexpress.net/khoa-hoc/olympus-mons-nui-lua-lon-nhat-he-mat-troi-3917789.html,3917789,1000000,1,https://usi-saas.vnexpress.net/index/get?callback=okmen&offset=0&limit=1000&frommobile=0&sort=like&objectid=3917789&siteid=1000000&objecttype=1
68,Làm dâu mà cư xử như con gái nên tôi gặp rắc rối với nhà chồng,https://vnexpress.net/tam-su/lam-dau-ma-cu-xu-nhu-con-gai-nen-toi-gap-rac-roi-voi-nha-chong-3917250.html,3917250,1000000,1,https://usi-saas.vnexpress.net/index/get?callback=okmen&offset=0&limit=1000&frommobile=0&sort=like&objectid=3917250&siteid=1000000&objecttype=1
69,"Khi tôi không còn tiền cho mượn, bạn trai ít liên lạc hẳn",https://vnexpress.net/tam-su/khi-toi-khong-con-tien-cho-muon-ban-trai-it-lien-lac-han-3917331.html,3917331,1000000,1,https://usi-saas.vnexpress.net/index/get?callback=okmen&offset=0&limit=1000&frommobile=0&sort=like&objectid=3917331&siteid=1000000&objecttype=1
70,Bạn trai muốn tìm cảm giác lạ với cô gái khác khi yêu xa,https://vnexpress.net/tam-su/ban-trai-muon-tim-cam-giac-la-voi-co-gai-khac-khi-yeu-xa-3917318.html,3917318,1000000,1,https://usi-saas.vnexpress.net/index/get?callback=okmen&offset=0&limit=1000&frommobile=0&sort=like&objectid=3917318&siteid=1000000&objecttype=1
71,Con trai Tăng Thanh Hà không cho bố ôm mẹ khi ngủ,https://vnexpress.net/cuoi/con-trai-tang-thanh-ha-khong-cho-bo-om-me-khi-ngu-3917782.html,3917782,1000000,1,https://usi-saas.vnexpress.net/index/get?callback=okmen&offset=0&limit=1000&frommobile=0&sort=like&objectid=3917782&siteid=1000000&objecttype=1
72,Ảnh chế xăng tăng giá hơn 900 đồng/lít,https://vnexpress.net/cuoi/anh-che-xang-tang-gia-hon-900-dong-lit-3917632.html,3917632,1000000,1,https://usi-saas.vnexpress.net/index/get?callback=okmen&offset=0&limit=1000&frommobile=0&sort=like&objectid=3917632&siteid=1000000&objecttype=1
73,Những chuyến xe 'chở cả quê hương' lên phố sau kỳ nghỉ lễ,https://vnexpress.net/cuoi/nhung-chuyen-xe-cho-ca-que-huong-len-pho-sau-ky-nghi-le-3917589.html,3917589,1000000,1,https://usi-saas.vnexpress.net/index/get?callback=okmen&offset=0&limit=1000&frommobile=0&sort=like&objectid=3917589&siteid=1000000&objecttype=1
74,Linh cữu nguyên Chủ tịch nước Lê Đức Anh được đưa vào TP HCM,https://vnexpress.net/thoi-su/linh-cuu-nguyen-chu-tich-nuoc-le-duc-anh-duoc-dua-vao-tp-hcm-3917744.html,3917744,1000000,5,https://usi-saas.vnexpress.net/index/get?callback=okmen&offset=0&limit=1000&frommobile=0&sort=like&objectid=3917744&siteid=1000000&objecttype=5
75,Quán nước đánh khách ở Long An bị đập phá,https://vnexpress.net/phap-luat/quan-nuoc-danh-khach-o-long-an-bi-dap-pha-3917725.html,3917725,1000000,1,https://usi-saas.vnexpress.net/index/get?callback=okmen&offset=0&limit=1000&frommobile=0&sort=like&objectid=3917725&siteid=1000000&objecttype=1
76,Cuộc đảo chính 'chết yểu' của phe đối lập Venezuela,https://vnexpress.net/the-gioi/cuoc-dao-chinh-chet-yeu-cua-phe-doi-lap-venezuela-3917239.html,3917239,1000000,1,https://usi-saas.vnexpress.net/index/get?callback=okmen&offset=0&limit=1000&frommobile=0&sort=like&objectid=3917239&siteid=1000000&objecttype=1
77,Messi thừa nhận 'ăn may' với cú sút phạt vào lưới Liverpool,https://vnexpress.net/bong-da/messi-thua-nhan-an-may-voi-cu-sut-phat-vao-luoi-liverpool-3917202.html,3917202,1002565,1,https://usi-saas.vnexpress.net/index/get?callback=okmen&offset=0&limit=1000&frommobile=0&sort=like&objectid=3917202&siteid=1002565&objecttype=1
78,Lý do Hoàng hậu Thái Lan quỳ rạp trước chồng trong lễ sắc phong,https://vnexpress.net/the-gioi/ly-do-hoang-hau-thai-lan-quy-rap-truoc-chong-trong-le-sac-phong-3917222.html,3917222,1000000,1,https://usi-saas.vnexpress.net/index/get?callback=okmen&offset=0&limit=1000&frommobile=0&sort=like&objectid=3917222&siteid=1000000&objecttype=1
79,Van Dijk bị nghi cầu cứu đồng đội khi đối đầu Messi,https://vnexpress.net/bong-da/van-dijk-bi-nghi-cau-cuu-dong-doi-khi-doi-dau-messi-3917470.html,3917470,1002565,1,https://usi-saas.vnexpress.net/index/get?callback=okmen&offset=0&limit=1000&frommobile=0&sort=like&objectid=3917470&siteid=1002565&objecttype=1
80,"Gia đình, đồng nghiệp thương tiếc Lê Bình trong tang lễ",https://vnexpress.net/giai-tri/gia-dinh-dong-nghiep-thuong-tiec-le-binh-trong-tang-le-3917137.html,3917137,1002691,1,https://usi-saas.vnexpress.net/index/get?callback=okmen&offset=0&limit=1000&frommobile=0&sort=like&objectid=3917137&siteid=1002691&objecttype=1
